公司名称,股票代码,板块,文件名,页码数,时间,文件大小(MB),文件路径,年份
维峰电子,301328,创业板,301328_维峰电子_2022-09-01.pdf,331,2022-09-01,8.22,/Users/chenyuang/Desktop/巨潮网资料/2022/301328_维峰电子_2022-09-01.pdf,2022
锐捷网络,301165,创业板,301165_锐捷网络_2022-11-16.pdf,627,2022-11-16,15.38,/Users/chenyuang/Desktop/巨潮网资料/2022/301165_锐捷网络_2022-11-16.pdf,2022
景业智能,688290,科创板,688290_景业智能_2022-04-25.pdf,355,2022-04-25,6.76,/Users/chenyuang/Desktop/巨潮网资料/2022/688290_景业智能_2022-04-25.pdf,2022
近岸蛋白,688137,科创板,688137_近岸蛋白_2022-09-26.pdf,470,2022-09-26,8.89,/Users/chenyuang/Desktop/巨潮网资料/2022/688137_近岸蛋白_2022-09-26.pdf,2022
万润新能,688275,科创板,688275_万润新能_2022-09-23.pdf,502,2022-09-23,11.87,/Users/chenyuang/Desktop/巨潮网资料/2022/688275_万润新能_2022-09-23.pdf,2022
唯特偶,301319,创业板,301319_唯特偶_2022-09-26.pdf,468,2022-09-26,8.58,/Users/chenyuang/Desktop/巨潮网资料/2022/301319_唯特偶_2022-09-26.pdf,2022
格灵深瞳,688207,科创板,688207_格灵深瞳_2022-03-11.pdf,442,2022-03-11,6.54,/Users/chenyuang/Desktop/巨潮网资料/2022/688207_格灵深瞳_2022-03-11.pdf,2022
华大九天,301269,创业板,301269_华大九天_2022-07-25.pdf,375,2022-07-25,7.5,/Users/chenyuang/Desktop/巨潮网资料/2022/301269_华大九天_2022-07-25.pdf,2022
浩瀚深度,688292,科创板,688292_浩瀚深度_2022-08-11.pdf,432,2022-08-11,5.7,/Users/chenyuang/Desktop/巨潮网资料/2022/688292_浩瀚深度_2022-08-11.pdf,2022
杉杉股份,600884,沪主板,600884_杉杉股份_2022-07-23.pdf,1,2022-07-23,0.28,/Users/chenyuang/Desktop/巨潮网资料/2022/600884_杉杉股份_2022-07-23.pdf,2022
久量股份,300808,创业板,300808_久量股份_2022-12-15.pdf,3,2022-12-15,0.1,/Users/chenyuang/Desktop/巨潮网资料/2022/300808_久量股份_2022-12-15.pdf,2022
宝立食品,603170,沪主板,603170_宝立食品_2022-07-05.pdf,141,2022-07-05,1.71,/Users/chenyuang/Desktop/巨潮网资料/2022/603170_宝立食品_2022-07-05.pdf,2022
菲沃泰,688371,科创板,688371_菲沃泰_2022-07-28.pdf,422,2022-07-28,6.47,/Users/chenyuang/Desktop/巨潮网资料/2022/688371_菲沃泰_2022-07-28.pdf,2022
锡装股份,001332,深主板,001332_锡装股份_2022-09-05.pdf,77,2022-09-05,2.05,/Users/chenyuang/Desktop/巨潮网资料/2022/001332_锡装股份_2022-09-05.pdf,2022
赛伦生物,688163,科创板,688163_赛伦生物_2022-03-04.pdf,427,2022-03-04,9.07,/Users/chenyuang/Desktop/巨潮网资料/2022/688163_赛伦生物_2022-03-04.pdf,2022
众智科技,301361,创业板,301361_众智科技_2022-11-10.pdf,330,2022-11-10,6.92,/Users/chenyuang/Desktop/巨潮网资料/2022/301361_众智科技_2022-11-10.pdf,2022
赛恩斯,688480,科创板,688480_赛恩斯_2022-11-22.pdf,480,2022-11-22,7.01,/Users/chenyuang/Desktop/巨潮网资料/2022/688480_赛恩斯_2022-11-22.pdf,2022
元道通信,301139,创业板,301139_元道通信_2022-06-20.pdf,2,2022-06-20,0.32,/Users/chenyuang/Desktop/巨潮网资料/2022/301139_元道通信_2022-06-20.pdf,2022
万控智造,603070,沪主板,603070_万控智造_2022-02-28.pdf,152,2022-02-28,1.88,/Users/chenyuang/Desktop/巨潮网资料/2022/603070_万控智造_2022-02-28.pdf,2022
珠城科技,301280,创业板,301280_珠城科技_2022-12-21.pdf,401,2022-12-21,6.07,/Users/chenyuang/Desktop/巨潮网资料/2022/301280_珠城科技_2022-12-21.pdf,2022
美腾科技,688420,科创板,688420_美腾科技_2022-12-05.pdf,498,2022-12-05,7.96,/Users/chenyuang/Desktop/巨潮网资料/2022/688420_美腾科技_2022-12-05.pdf,2022
钜泉科技,688391,科创板,688391_钜泉科技_2022-09-07.pdf,429,2022-09-07,10.21,/Users/chenyuang/Desktop/巨潮网资料/2022/688391_钜泉科技_2022-09-07.pdf,2022
工大科雅,301197,创业板,301197_工大科雅_2022-08-02.pdf,500,2022-08-02,12.2,/Users/chenyuang/Desktop/巨潮网资料/2022/301197_工大科雅_2022-08-02.pdf,2022
慕思股份,001323,深主板,001323_慕思股份_2022-06-13.pdf,239,2022-06-13,5.43,/Users/chenyuang/Desktop/巨潮网资料/2022/001323_慕思股份_2022-06-13.pdf,2022
魅视科技,001229,深主板,001229_魅视科技_2022-07-27.pdf,114,2022-07-27,1.52,/Users/chenyuang/Desktop/巨潮网资料/2022/001229_魅视科技_2022-07-27.pdf,2022
普蕊斯,301257,创业板,301257_普蕊斯_2022-04-29.pdf,599,2022-04-29,12.35,/Users/chenyuang/Desktop/巨潮网资料/2022/301257_普蕊斯_2022-04-29.pdf,2022
逸豪新材,301176,创业板,301176_逸豪新材_2022-09-23.pdf,379,2022-09-23,8.22,/Users/chenyuang/Desktop/巨潮网资料/2022/301176_逸豪新材_2022-09-23.pdf,2022
鸿日达,301285,创业板,301285_鸿日达_2022-09-23.pdf,363,2022-09-23,8.6,/Users/chenyuang/Desktop/巨潮网资料/2022/301285_鸿日达_2022-09-23.pdf,2022
翔楼新材,301160,创业板,301160_翔楼新材_2022-05-27.pdf,489,2022-05-27,5.78,/Users/chenyuang/Desktop/巨潮网资料/2022/301160_翔楼新材_2022-05-27.pdf,2022
浙江正特,001238,深主板,001238_浙江正特_2022-09-06.pdf,114,2022-09-06,1.45,/Users/chenyuang/Desktop/巨潮网资料/2022/001238_浙江正特_2022-09-06.pdf,2022
中科江南,301153,创业板,301153_中科江南_2022-05-12.pdf,534,2022-05-12,3.96,/Users/chenyuang/Desktop/巨潮网资料/2022/301153_中科江南_2022-05-12.pdf,2022
奥比中光,688322,科创板,688322_奥比中光_2022-07-04.pdf,563,2022-07-04,14.09,/Users/chenyuang/Desktop/巨潮网资料/2022/688322_奥比中光_2022-07-04.pdf,2022
侨源股份,301286,创业板,301286_侨源股份_2022-06-08.pdf,535,2022-06-08,11.02,/Users/chenyuang/Desktop/巨潮网资料/2022/301286_侨源股份_2022-06-08.pdf,2022
晶品特装,688084,科创板,688084_晶品特装_2022-12-05.pdf,485,2022-12-05,12.0,/Users/chenyuang/Desktop/巨潮网资料/2022/688084_晶品特装_2022-12-05.pdf,2022
富乐德,301297,创业板,301297_富乐德_2022-12-27.pdf,494,2022-12-27,11.67,/Users/chenyuang/Desktop/巨潮网资料/2022/301297_富乐德_2022-12-27.pdf,2022
广立微,301095,创业板,301095_广立微_2022-08-01.pdf,432,2022-08-01,13.13,/Users/chenyuang/Desktop/巨潮网资料/2022/301095_广立微_2022-08-01.pdf,2022
首药控股,688197,科创板,688197_首药控股_2022-03-18.pdf,305,2022-03-18,8.59,/Users/chenyuang/Desktop/巨潮网资料/2022/688197_首药控股_2022-03-18.pdf,2022
东星医疗,301290,创业板,301290_东星医疗_2022-11-25.pdf,488,2022-11-25,6.04,/Users/chenyuang/Desktop/巨潮网资料/2022/301290_东星医疗_2022-11-25.pdf,2022
瑞德智能,301135,创业板,301135_瑞德智能_2022-03-21.pdf,2,2022-03-21,0.35,/Users/chenyuang/Desktop/巨潮网资料/2022/301135_瑞德智能_2022-03-21.pdf,2022
兆讯传媒,301102,创业板,301102_兆讯传媒_2022-03-17.pdf,495,2022-03-17,11.67,/Users/chenyuang/Desktop/巨潮网资料/2022/301102_兆讯传媒_2022-03-17.pdf,2022
美埃科技,688376,科创板,688376_美埃科技_2022-11-14.pdf,461,2022-11-14,7.84,/Users/chenyuang/Desktop/巨潮网资料/2022/688376_美埃科技_2022-11-14.pdf,2022
井松智能,688251,科创板,688251_井松智能_2022-05-31.pdf,372,2022-05-31,8.57,/Users/chenyuang/Desktop/巨潮网资料/2022/688251_井松智能_2022-05-31.pdf,2022
诺诚健华,688428,科创板,688428_诺诚健华_2022-09-16.pdf,525,2022-09-16,11.1,/Users/chenyuang/Desktop/巨潮网资料/2022/688428_诺诚健华_2022-09-16.pdf,2022
昱能科技,688348,科创板,688348_昱能科技_2022-06-02.pdf,407,2022-06-02,10.49,/Users/chenyuang/Desktop/巨潮网资料/2022/688348_昱能科技_2022-06-02.pdf,2022
新巨丰,301296,创业板,301296_新巨丰_2022-08-30.pdf,460,2022-08-30,9.11,/Users/chenyuang/Desktop/巨潮网资料/2022/301296_新巨丰_2022-08-30.pdf,2022
利仁科技,001259,深主板,001259_利仁科技_2022-08-15.pdf,144,2022-08-15,4.39,/Users/chenyuang/Desktop/巨潮网资料/2022/001259_利仁科技_2022-08-15.pdf,2022
易点天下,301171,创业板,301171_易点天下_2022-08-12.pdf,819,2022-08-12,14.05,/Users/chenyuang/Desktop/巨潮网资料/2022/301171_易点天下_2022-08-12.pdf,2022
信科移动,688387,科创板,688387_信科移动_2022-09-21.pdf,632,2022-09-21,11.52,/Users/chenyuang/Desktop/巨潮网资料/2022/688387_信科移动_2022-09-21.pdf,2022
博纳影业,001330,深主板,001330_博纳影业_2022-08-08.pdf,113,2022-08-08,1.48,/Users/chenyuang/Desktop/巨潮网资料/2022/001330_博纳影业_2022-08-08.pdf,2022
中钢洛耐,688119,科创板,688119_中钢洛耐_2022-05-31.pdf,674,2022-05-31,14.89,/Users/chenyuang/Desktop/巨潮网资料/2022/688119_中钢洛耐_2022-05-31.pdf,2022
盛帮股份,301233,创业板,301233_盛帮股份_2022-06-09.pdf,2,2022-06-09,0.32,/Users/chenyuang/Desktop/巨潮网资料/2022/301233_盛帮股份_2022-06-09.pdf,2022
立新能源,001258,深主板,001258_立新能源_2022-07-12.pdf,95,2022-07-12,1.27,/Users/chenyuang/Desktop/巨潮网资料/2022/001258_立新能源_2022-07-12.pdf,2022
美农生物,301156,创业板,301156_美农生物_2022-06-06.pdf,606,2022-06-06,12.19,/Users/chenyuang/Desktop/巨潮网资料/2022/301156_美农生物_2022-06-06.pdf,2022
隆达股份,688231,科创板,688231_隆达股份_2022-07-15.pdf,516,2022-07-15,21.12,/Users/chenyuang/Desktop/巨潮网资料/2022/688231_隆达股份_2022-07-15.pdf,2022
弘业期货,001236,深主板,001236_弘业期货_2022-07-05.pdf,159,2022-07-05,3.12,/Users/chenyuang/Desktop/巨潮网资料/2022/001236_弘业期货_2022-07-05.pdf,2022
国博电子,688375,科创板,688375_国博电子_2022-07-15.pdf,401,2022-07-15,4.97,/Users/chenyuang/Desktop/巨潮网资料/2022/688375_国博电子_2022-07-15.pdf,2022
昆船智能,301311,创业板,301311_昆船智能_2022-11-25.pdf,491,2022-11-25,11.44,/Users/chenyuang/Desktop/巨潮网资料/2022/301311_昆船智能_2022-11-25.pdf,2022
凡拓数创,301313,创业板,301313_凡拓数创_2022-09-26.pdf,585,2022-09-26,15.43,/Users/chenyuang/Desktop/巨潮网资料/2022/301313_凡拓数创_2022-09-26.pdf,2022
浙江恒威,301222,创业板,301222_浙江恒威_2022-03-04.pdf,706,2022-03-04,12.86,/Users/chenyuang/Desktop/巨潮网资料/2022/301222_浙江恒威_2022-03-04.pdf,2022
福元医药,601089,沪主板,601089_福元医药_2022-06-20.pdf,181,2022-06-20,4.1,/Users/chenyuang/Desktop/巨潮网资料/2022/601089_福元医药_2022-06-20.pdf,2022
麦澜德,688273,科创板,688273_麦澜德_2022-08-08.pdf,441,2022-08-08,5.08,/Users/chenyuang/Desktop/巨潮网资料/2022/688273_麦澜德_2022-08-08.pdf,2022
斯瑞新材,688102,科创板,688102_斯瑞新材_2022-03-11.pdf,443,2022-03-11,5.62,/Users/chenyuang/Desktop/巨潮网资料/2022/688102_斯瑞新材_2022-03-11.pdf,2022
江波龙,301308,创业板,301308_江波龙_2022-07-29.pdf,323,2022-07-29,8.8,/Users/chenyuang/Desktop/巨潮网资料/2022/301308_江波龙_2022-07-29.pdf,2022
新特电气,301120,创业板,301120_新特电气_2022-03-25.pdf,2,2022-03-25,0.17,/Users/chenyuang/Desktop/巨潮网资料/2022/301120_新特电气_2022-03-25.pdf,2022
箭牌家居,001322,深主板,001322_箭牌家居_2022-09-15.pdf,341,2022-09-15,8.46,/Users/chenyuang/Desktop/巨潮网资料/2022/001322_箭牌家居_2022-09-15.pdf,2022
甬矽电子,688362,科创板,688362_甬矽电子_2022-11-11.pdf,450,2022-11-11,10.9,/Users/chenyuang/Desktop/巨潮网资料/2022/688362_甬矽电子_2022-11-11.pdf,2022
宇邦新材,301266,创业板,301266_宇邦新材_2022-06-01.pdf,561,2022-06-01,10.88,/Users/chenyuang/Desktop/巨潮网资料/2022/301266_宇邦新材_2022-06-01.pdf,2022
和顺科技,301237,创业板,301237_和顺科技_2022-03-18.pdf,610,2022-03-18,13.19,/Users/chenyuang/Desktop/巨潮网资料/2022/301237_和顺科技_2022-03-18.pdf,2022
天振股份,301356,创业板,301356_天振股份_2022-11-07.pdf,559,2022-11-07,5.24,/Users/chenyuang/Desktop/巨潮网资料/2022/301356_天振股份_2022-11-07.pdf,2022
欧克科技,001223,深主板,001223_欧克科技_2022-11-29.pdf,61,2022-11-29,0.94,/Users/chenyuang/Desktop/巨潮网资料/2022/001223_欧克科技_2022-11-29.pdf,2022
清越科技,688496,科创板,688496_清越科技_2022-12-23.pdf,493,2022-12-23,9.51,/Users/chenyuang/Desktop/巨潮网资料/2022/688496_清越科技_2022-12-23.pdf,2022
云从科技,688327,科创板,688327_云从科技_2022-05-24.pdf,598,2022-05-24,15.83,/Users/chenyuang/Desktop/巨潮网资料/2022/688327_云从科技_2022-05-24.pdf,2022
万得凯,301309,创业板,301309_万得凯_2022-09-13.pdf,323,2022-09-13,7.91,/Users/chenyuang/Desktop/巨潮网资料/2022/301309_万得凯_2022-09-13.pdf,2022
龙芯中科,688047,科创板,688047_龙芯中科_2022-06-21.pdf,337,2022-06-21,7.95,/Users/chenyuang/Desktop/巨潮网资料/2022/688047_龙芯中科_2022-06-21.pdf,2022
腾远钴业,301219,创业板,301219_腾远钴业_2022-03-14.pdf,776,2022-03-14,7.83,/Users/chenyuang/Desktop/巨潮网资料/2022/301219_腾远钴业_2022-03-14.pdf,2022
邦彦技术,688132,科创板,688132_邦彦技术_2022-09-20.pdf,570,2022-09-20,12.59,/Users/chenyuang/Desktop/巨潮网资料/2022/688132_邦彦技术_2022-09-20.pdf,2022
欣旺达,300207,创业板,300207_欣旺达_2022-11-07.pdf,1,2022-11-07,0.07,/Users/chenyuang/Desktop/巨潮网资料/2022/300207_欣旺达_2022-11-07.pdf,2022
晋拓股份,603211,沪主板,603211_晋拓股份_2022-07-13.pdf,93,2022-07-13,1.48,/Users/chenyuang/Desktop/巨潮网资料/2022/603211_晋拓股份_2022-07-13.pdf,2022
源杰科技,688498,科创板,688498_源杰科技_2022-12-16.pdf,409,2022-12-16,9.62,/Users/chenyuang/Desktop/巨潮网资料/2022/688498_源杰科技_2022-12-16.pdf,2022
燕东微,688172,科创板,688172_燕东微_2022-12-13.pdf,482,2022-12-13,11.17,/Users/chenyuang/Desktop/巨潮网资料/2022/688172_燕东微_2022-12-13.pdf,2022
何氏眼科,301103,创业板,301103_何氏眼科_2022-03-16.pdf,642,2022-03-16,6.69,/Users/chenyuang/Desktop/巨潮网资料/2022/301103_何氏眼科_2022-03-16.pdf,2022
聚和材料,688503,科创板,688503_聚和材料_2022-12-06.pdf,313,2022-12-06,4.83,/Users/chenyuang/Desktop/巨潮网资料/2022/688503_聚和材料_2022-12-06.pdf,2022
路维光电,688401,科创板,688401_路维光电_2022-08-12.pdf,391,2022-08-12,9.96,/Users/chenyuang/Desktop/巨潮网资料/2022/688401_路维光电_2022-08-12.pdf,2022
格林美,002340,深主板,002340_格林美_2022-07-25.pdf,2,2022-07-25,0.12,/Users/chenyuang/Desktop/巨潮网资料/2022/002340_格林美_2022-07-25.pdf,2022
荣信文化,301231,创业板,301231_荣信文化_2022-09-02.pdf,577,2022-09-02,8.2,/Users/chenyuang/Desktop/巨潮网资料/2022/301231_荣信文化_2022-09-02.pdf,2022
天德钰,688252,科创板,688252_天德钰_2022-09-22.pdf,443,2022-09-22,10.8,/Users/chenyuang/Desktop/巨潮网资料/2022/688252_天德钰_2022-09-22.pdf,2022
信达证券,601059,沪主板,601059_信达证券_2022-12-23.pdf,158,2022-12-23,3.51,/Users/chenyuang/Desktop/巨潮网资料/2022/601059_信达证券_2022-12-23.pdf,2022
首创证券,601136,沪主板,601136_首创证券_2022-11-21.pdf,147,2022-11-21,2.81,/Users/chenyuang/Desktop/巨潮网资料/2022/601136_首创证券_2022-11-21.pdf,2022
汉仪股份,301270,创业板,301270_汉仪股份_2022-08-09.pdf,1,2022-08-09,0.12,/Users/chenyuang/Desktop/巨潮网资料/2022/301270_汉仪股份_2022-08-09.pdf,2022
三未信安,688489,科创板,688489_三未信安_2022-11-29.pdf,424,2022-11-29,6.3,/Users/chenyuang/Desktop/巨潮网资料/2022/688489_三未信安_2022-11-29.pdf,2022
宁波远洋,601022,沪主板,601022_宁波远洋_2022-11-04.pdf,170,2022-11-04,3.81,/Users/chenyuang/Desktop/巨潮网资料/2022/601022_宁波远洋_2022-11-04.pdf,2022
华海清科,688120,科创板,688120_华海清科_2022-06-01.pdf,433,2022-06-01,8.67,/Users/chenyuang/Desktop/巨潮网资料/2022/688120_华海清科_2022-06-01.pdf,2022
中科环保,301175,创业板,301175_中科环保_2022-07-04.pdf,580,2022-07-04,11.68,/Users/chenyuang/Desktop/巨潮网资料/2022/301175_中科环保_2022-07-04.pdf,2022
华盛锂电,688353,科创板,688353_华盛锂电_2022-07-08.pdf,404,2022-07-08,5.32,/Users/chenyuang/Desktop/巨潮网资料/2022/688353_华盛锂电_2022-07-08.pdf,2022
聚胶股份,301283,创业板,301283_聚胶股份_2022-08-30.pdf,402,2022-08-30,5.04,/Users/chenyuang/Desktop/巨潮网资料/2022/301283_聚胶股份_2022-08-30.pdf,2022
长盈通,688143,科创板,688143_长盈通_2022-12-05.pdf,495,2022-12-05,5.42,/Users/chenyuang/Desktop/巨潮网资料/2022/688143_长盈通_2022-12-05.pdf,2022
卓创资讯,301299,创业板,301299_卓创资讯_2022-09-26.pdf,380,2022-09-26,10.01,/Users/chenyuang/Desktop/巨潮网资料/2022/301299_卓创资讯_2022-09-26.pdf,2022
联合精密,001268,深主板,001268_联合精密_2022-06-20.pdf,132,2022-06-20,3.66,/Users/chenyuang/Desktop/巨潮网资料/2022/001268_联合精密_2022-06-20.pdf,2022
中微半导,688380,科创板,688380_中微半导_2022-08-02.pdf,407,2022-08-02,6.18,/Users/chenyuang/Desktop/巨潮网资料/2022/688380_中微半导_2022-08-02.pdf,2022
天山电子,301379,创业板,301379_天山电子_2022-09-29.pdf,1,2022-09-29,0.21,/Users/chenyuang/Desktop/巨潮网资料/2022/301379_天山电子_2022-09-29.pdf,2022
嘉华股份,603182,沪主板,603182_嘉华股份_2022-08-30.pdf,130,2022-08-30,2.83,/Users/chenyuang/Desktop/巨潮网资料/2022/603182_嘉华股份_2022-08-30.pdf,2022
萤石网络,688475,科创板,688475_萤石网络_2022-12-22.pdf,613,2022-12-22,15.46,/Users/chenyuang/Desktop/巨潮网资料/2022/688475_萤石网络_2022-12-22.pdf,2022
理工导航,688282,科创板,688282_理工导航_2022-03-14.pdf,377,2022-03-14,5.08,/Users/chenyuang/Desktop/巨潮网资料/2022/688282_理工导航_2022-03-14.pdf,2022
永顺泰,001338,深主板,001338_永顺泰_2022-11-01.pdf,157,2022-11-01,1.61,/Users/chenyuang/Desktop/巨潮网资料/2022/001338_永顺泰_2022-11-01.pdf,2022
国缆检测,301289,创业板,301289_国缆检测_2022-06-09.pdf,477,2022-06-09,5.51,/Users/chenyuang/Desktop/巨潮网资料/2022/301289_国缆检测_2022-06-09.pdf,2022
鼎际得,603255,沪主板,603255_鼎际得_2022-07-18.pdf,98,2022-07-18,1.45,/Users/chenyuang/Desktop/巨潮网资料/2022/603255_鼎际得_2022-07-18.pdf,2022
东利机械,301298,创业板,301298_东利机械_2022-05-31.pdf,562,2022-05-31,12.31,/Users/chenyuang/Desktop/巨潮网资料/2022/301298_东利机械_2022-05-31.pdf,2022
天益医疗,301097,创业板,301097_天益医疗_2022-03-15.pdf,2,2022-03-15,0.37,/Users/chenyuang/Desktop/巨潮网资料/2022/301097_天益医疗_2022-03-15.pdf,2022
恩威医药,301331,创业板,301331_恩威医药_2022-09-02.pdf,2,2022-09-02,0.25,/Users/chenyuang/Desktop/巨潮网资料/2022/301331_恩威医药_2022-09-02.pdf,2022
荣昌生物,688331,科创板,688331_荣昌生物_2022-03-28.pdf,586,2022-03-28,11.77,/Users/chenyuang/Desktop/巨潮网资料/2022/688331_荣昌生物_2022-03-28.pdf,2022
信德新材,301349,创业板,301349_信德新材_2022-09-01.pdf,530,2022-09-01,18.3,/Users/chenyuang/Desktop/巨潮网资料/2022/301349_信德新材_2022-09-01.pdf,2022
北路智控,301195,创业板,301195_北路智控_2022-07-27.pdf,368,2022-07-27,6.61,/Users/chenyuang/Desktop/巨潮网资料/2022/301195_北路智控_2022-07-27.pdf,2022
唯万密封,301161,创业板,301161_唯万密封_2022-09-08.pdf,611,2022-09-08,6.42,/Users/chenyuang/Desktop/巨潮网资料/2022/301161_唯万密封_2022-09-08.pdf,2022
常润股份,603201,沪主板,603201_常润股份_2022-07-18.pdf,1374,2022-07-18,39.53,/Users/chenyuang/Desktop/巨潮网资料/2022/603201_常润股份_2022-07-18.pdf,2022
建科股份,301115,创业板,301115_建科股份_2022-08-11.pdf,1,2022-08-11,0.39,/Users/chenyuang/Desktop/巨潮网资料/2022/301115_建科股份_2022-08-11.pdf,2022
德明利,001309,深主板,001309_德明利_2022-06-20.pdf,99,2022-06-20,2.01,/Users/chenyuang/Desktop/巨潮网资料/2022/001309_德明利_2022-06-20.pdf,2022
华大智造,688114,科创板,688114_华大智造_2022-09-06.pdf,682,2022-09-06,8.64,/Users/chenyuang/Desktop/巨潮网资料/2022/688114_华大智造_2022-09-06.pdf,2022
挖金客,301380,创业板,301380_挖金客_2022-09-28.pdf,675,2022-09-28,9.79,/Users/chenyuang/Desktop/巨潮网资料/2022/301380_挖金客_2022-09-28.pdf,2022
华如科技,301302,创业板,301302_华如科技_2022-06-20.pdf,468,2022-06-20,10.42,/Users/chenyuang/Desktop/巨潮网资料/2022/301302_华如科技_2022-06-20.pdf,2022
西测测试,301306,创业板,301306_西测测试_2022-07-21.pdf,363,2022-07-21,4.39,/Users/chenyuang/Desktop/巨潮网资料/2022/301306_西测测试_2022-07-21.pdf,2022
紫燕食品,603057,沪主板,603057_紫燕食品_2022-09-14.pdf,155,2022-09-14,3.17,/Users/chenyuang/Desktop/巨潮网资料/2022/603057_紫燕食品_2022-09-14.pdf,2022
维海德,301318,创业板,301318_维海德_2022-08-05.pdf,594,2022-08-05,12.6,/Users/chenyuang/Desktop/巨潮网资料/2022/301318_维海德_2022-08-05.pdf,2022
祥明智能,301226,创业板,301226_祥明智能_2022-03-09.pdf,744,2022-03-09,4.83,/Users/chenyuang/Desktop/巨潮网资料/2022/301226_祥明智能_2022-03-09.pdf,2022
华新环保,301265,创业板,301265_华新环保_2022-12-12.pdf,707,2022-12-12,6.86,/Users/chenyuang/Desktop/巨潮网资料/2022/301265_华新环保_2022-12-12.pdf,2022
冠龙节能,301151,创业板,301151_冠龙节能_2022-03-17.pdf,2,2022-03-17,0.24,/Users/chenyuang/Desktop/巨潮网资料/2022/301151_冠龙节能_2022-03-17.pdf,2022
三一重能,688349,科创板,688349_三一重能_2022-06-17.pdf,620,2022-06-17,12.37,/Users/chenyuang/Desktop/巨潮网资料/2022/688349_三一重能_2022-06-17.pdf,2022
瑜欣电子,301107,创业板,301107_瑜欣电子_2022-05-11.pdf,772,2022-05-11,15.43,/Users/chenyuang/Desktop/巨潮网资料/2022/301107_瑜欣电子_2022-05-11.pdf,2022
捷邦科技,301326,创业板,301326_捷邦科技_2022-09-14.pdf,455,2022-09-14,9.84,/Users/chenyuang/Desktop/巨潮网资料/2022/301326_捷邦科技_2022-09-14.pdf,2022
华宝新能,301327,创业板,301327_华宝新能_2022-09-13.pdf,467,2022-09-13,8.57,/Users/chenyuang/Desktop/巨潮网资料/2022/301327_华宝新能_2022-09-13.pdf,2022
百利天恒,688506,科创板,688506_百利天恒_2022-12-30.pdf,556,2022-12-30,9.68,/Users/chenyuang/Desktop/巨潮网资料/2022/688506_百利天恒_2022-12-30.pdf,2022
微导纳米,688147,科创板,688147_微导纳米_2022-12-20.pdf,391,2022-12-20,8.82,/Users/chenyuang/Desktop/巨潮网资料/2022/688147_微导纳米_2022-12-20.pdf,2022
必易微,688045,科创板,688045_必易微_2022-05-23.pdf,346,2022-05-23,4.85,/Users/chenyuang/Desktop/巨潮网资料/2022/688045_必易微_2022-05-23.pdf,2022
宏景科技,301396,创业板,301396_宏景科技_2022-11-08.pdf,579,2022-11-08,8.91,/Users/chenyuang/Desktop/巨潮网资料/2022/301396_宏景科技_2022-11-08.pdf,2022
天力锂能,301152,创业板,301152_天力锂能_2022-08-08.pdf,2,2022-08-08,0.24,/Users/chenyuang/Desktop/巨潮网资料/2022/301152_天力锂能_2022-08-08.pdf,2022
青木股份,301110,创业板,301110_青木股份_2022-03-08.pdf,707,2022-03-08,13.78,/Users/chenyuang/Desktop/巨潮网资料/2022/301110_青木股份_2022-03-08.pdf,2022
军信股份,301109,创业板,301109_军信股份_2022-03-23.pdf,2,2022-03-23,0.27,/Users/chenyuang/Desktop/巨潮网资料/2022/301109_军信股份_2022-03-23.pdf,2022
思科瑞,688053,科创板,688053_思科瑞_2022-07-05.pdf,427,2022-07-05,4.82,/Users/chenyuang/Desktop/巨潮网资料/2022/688053_思科瑞_2022-07-05.pdf,2022
鼎泰高科,301377,创业板,301377_鼎泰高科_2022-11-15.pdf,386,2022-11-15,5.67,/Users/chenyuang/Desktop/巨潮网资料/2022/301377_鼎泰高科_2022-11-15.pdf,2022
海正生材,688203,科创板,688203_海正生材_2022-08-11.pdf,491,2022-08-11,12.05,/Users/chenyuang/Desktop/巨潮网资料/2022/688203_海正生材_2022-08-11.pdf,2022
聚赛龙,301131,创业板,301131_聚赛龙_2022-02-28.pdf,440,2022-02-28,9.71,/Users/chenyuang/Desktop/巨潮网资料/2022/301131_聚赛龙_2022-02-28.pdf,2022
矩阵股份,301365,创业板,301365_矩阵股份_2022-11-16.pdf,363,2022-11-16,8.8,/Users/chenyuang/Desktop/巨潮网资料/2022/301365_矩阵股份_2022-11-16.pdf,2022
润贝航科,001316,深主板,001316_润贝航科_2022-05-23.pdf,105,2022-05-23,2.27,/Users/chenyuang/Desktop/巨潮网资料/2022/001316_润贝航科_2022-05-23.pdf,2022
菲菱科思,301191,创业板,301191_菲菱科思_2022-05-13.pdf,507,2022-05-13,7.76,/Users/chenyuang/Desktop/巨潮网资料/2022/301191_菲菱科思_2022-05-13.pdf,2022
铭利达,301268,创业板,301268_铭利达_2022-03-17.pdf,1,2022-03-17,0.46,/Users/chenyuang/Desktop/巨潮网资料/2022/301268_铭利达_2022-03-17.pdf,2022
隆扬电子,301389,创业板,301389_隆扬电子_2022-09-28.pdf,2,2022-09-28,0.61,/Users/chenyuang/Desktop/巨潮网资料/2022/301389_隆扬电子_2022-09-28.pdf,2022
铖昌科技,001270,深主板,001270_铖昌科技_2022-05-23.pdf,145,2022-05-23,1.41,/Users/chenyuang/Desktop/巨潮网资料/2022/001270_铖昌科技_2022-05-23.pdf,2022
智微智能,001339,深主板,001339_智微智能_2022-08-03.pdf,77,2022-08-03,1.79,/Users/chenyuang/Desktop/巨潮网资料/2022/001339_智微智能_2022-08-03.pdf,2022
软通动力,301236,创业板,301236_软通动力_2022-03-10.pdf,920,2022-03-10,18.98,/Users/chenyuang/Desktop/巨潮网资料/2022/301236_软通动力_2022-03-10.pdf,2022
东方盛虹,000301,深主板,000301_东方盛虹_2022-12-22.pdf,2,2022-12-22,0.07,/Users/chenyuang/Desktop/巨潮网资料/2022/000301_东方盛虹_2022-12-22.pdf,2022
瑞晨环保,301273,创业板,301273_瑞晨环保_2022-09-22.pdf,1,2022-09-22,0.24,/Users/chenyuang/Desktop/巨潮网资料/2022/301273_瑞晨环保_2022-09-22.pdf,2022
美能能源,001299,深主板,001299_美能能源_2022-09-26.pdf,92,2022-09-26,1.69,/Users/chenyuang/Desktop/巨潮网资料/2022/001299_美能能源_2022-09-26.pdf,2022
里得电科,001235,深主板,001235_里得电科_2022-05-06.pdf,57,2022-05-06,1.79,/Users/chenyuang/Desktop/巨潮网资料/2022/001235_里得电科_2022-05-06.pdf,2022
中汽股份,301215,创业板,301215_中汽股份_2022-03-02.pdf,781,2022-03-02,14.64,/Users/chenyuang/Desktop/巨潮网资料/2022/301215_中汽股份_2022-03-02.pdf,2022
凯格精机,301338,创业板,301338_凯格精机_2022-08-10.pdf,593,2022-08-10,12.67,/Users/chenyuang/Desktop/巨潮网资料/2022/301338_凯格精机_2022-08-10.pdf,2022
乐普医疗,300003,创业板,300003_乐普医疗_2022-09-15.pdf,1,2022-09-15,0.11,/Users/chenyuang/Desktop/巨潮网资料/2022/300003_乐普医疗_2022-09-15.pdf,2022
江苏华辰,603097,沪主板,603097_江苏华辰_2022-04-27.pdf,103,2022-04-27,2.54,/Users/chenyuang/Desktop/巨潮网资料/2022/603097_江苏华辰_2022-04-27.pdf,2022
高凌信息,688175,科创板,688175_高凌信息_2022-03-10.pdf,478,2022-03-10,7.33,/Users/chenyuang/Desktop/巨潮网资料/2022/688175_高凌信息_2022-03-10.pdf,2022
信邦智能,301112,创业板,301112_信邦智能_2022-06-22.pdf,733,2022-06-22,14.66,/Users/chenyuang/Desktop/巨潮网资料/2022/301112_信邦智能_2022-06-22.pdf,2022
新天地,301277,创业板,301277_新天地_2022-11-11.pdf,344,2022-11-11,8.06,/Users/chenyuang/Desktop/巨潮网资料/2022/301277_新天地_2022-11-11.pdf,2022
炜冈科技,001256,深主板,001256_炜冈科技_2022-11-21.pdf,92,2022-11-21,1.58,/Users/chenyuang/Desktop/巨潮网资料/2022/001256_炜冈科技_2022-11-21.pdf,2022
富创精密,688409,科创板,688409_富创精密_2022-09-28.pdf,300,2022-09-28,6.83,/Users/chenyuang/Desktop/巨潮网资料/2022/688409_富创精密_2022-09-28.pdf,2022
嘉环科技,603206,沪主板,603206_嘉环科技_2022-04-19.pdf,107,2022-04-19,2.77,/Users/chenyuang/Desktop/巨潮网资料/2022/603206_嘉环科技_2022-04-19.pdf,2022
通行宝,301339,创业板,301339_通行宝_2022-09-06.pdf,716,2022-09-06,14.75,/Users/chenyuang/Desktop/巨潮网资料/2022/301339_通行宝_2022-09-06.pdf,2022
国轩高科,002074,深主板,002074_国轩高科_2022-07-26.pdf,1,2022-07-26,0.41,/Users/chenyuang/Desktop/巨潮网资料/2022/002074_国轩高科_2022-07-26.pdf,2022
华秦科技,688281,科创板,688281_华秦科技_2022-03-02.pdf,424,2022-03-02,8.6,/Users/chenyuang/Desktop/巨潮网资料/2022/688281_华秦科技_2022-03-02.pdf,2022
巨星科技,002444,深主板,002444_巨星科技_2022-11-10.pdf,1,2022-11-10,0.14,/Users/chenyuang/Desktop/巨潮网资料/2022/002444_巨星科技_2022-11-10.pdf,2022
立航科技,603261,沪主板,603261_立航科技_2022-03-01.pdf,874,2022-03-01,86.84,/Users/chenyuang/Desktop/巨潮网资料/2022/603261_立航科技_2022-03-01.pdf,2022
熵基科技,301330,创业板,301330_熵基科技_2022-08-12.pdf,806,2022-08-12,11.22,/Users/chenyuang/Desktop/巨潮网资料/2022/301330_熵基科技_2022-08-12.pdf,2022
和元生物,688238,科创板,688238_和元生物_2022-03-17.pdf,470,2022-03-17,13.07,/Users/chenyuang/Desktop/巨潮网资料/2022/688238_和元生物_2022-03-17.pdf,2022
趣睡科技,301336,创业板,301336_趣睡科技_2022-07-29.pdf,2,2022-07-29,0.2,/Users/chenyuang/Desktop/巨潮网资料/2022/301336_趣睡科技_2022-07-29.pdf,2022
明阳智能,601615,沪主板,601615_明阳智能_2022-07-09.pdf,14,2022-07-09,0.38,/Users/chenyuang/Desktop/巨潮网资料/2022/601615_明阳智能_2022-07-09.pdf,2022
快可电子,301278,创业板,301278_快可电子_2022-07-22.pdf,274,2022-07-22,11.32,/Users/chenyuang/Desktop/巨潮网资料/2022/301278_快可电子_2022-07-22.pdf,2022
均普智能,688306,科创板,688306_均普智能_2022-03-17.pdf,558,2022-03-17,12.82,/Users/chenyuang/Desktop/巨潮网资料/2022/688306_均普智能_2022-03-17.pdf,2022
紫建电子,301121,创业板,301121_紫建电子_2022-08-03.pdf,755,2022-08-03,7.58,/Users/chenyuang/Desktop/巨潮网资料/2022/301121_紫建电子_2022-08-03.pdf,2022
骄成超声,688392,科创板,688392_骄成超声_2022-09-21.pdf,422,2022-09-21,6.17,/Users/chenyuang/Desktop/巨潮网资料/2022/688392_骄成超声_2022-09-21.pdf,2022
圣晖集成,603163,沪主板,603163_圣晖集成_2022-08-31.pdf,1059,2022-08-31,86.08,/Users/chenyuang/Desktop/巨潮网资料/2022/603163_圣晖集成_2022-08-31.pdf,2022
英诺特,688253,科创板,688253_英诺特_2022-07-25.pdf,390,2022-07-25,10.01,/Users/chenyuang/Desktop/巨潮网资料/2022/688253_英诺特_2022-07-25.pdf,2022
益方生物,688382,科创板,688382_益方生物_2022-07-20.pdf,488,2022-07-20,11.9,/Users/chenyuang/Desktop/巨潮网资料/2022/688382_益方生物_2022-07-20.pdf,2022
光华股份,001333,深主板,001333_光华股份_2022-11-04.pdf,88,2022-11-04,2.19,/Users/chenyuang/Desktop/巨潮网资料/2022/001333_光华股份_2022-11-04.pdf,2022
汇成股份,688403,科创板,688403_汇成股份_2022-08-12.pdf,467,2022-08-12,6.75,/Users/chenyuang/Desktop/巨潮网资料/2022/688403_汇成股份_2022-08-12.pdf,2022
远翔新材,301300,创业板,301300_远翔新材_2022-08-11.pdf,592,2022-08-11,6.46,/Users/chenyuang/Desktop/巨潮网资料/2022/301300_远翔新材_2022-08-11.pdf,2022
东南电子,301359,创业板,301359_东南电子_2022-11-04.pdf,428,2022-11-04,5.18,/Users/chenyuang/Desktop/巨潮网资料/2022/301359_东南电子_2022-11-04.pdf,2022
满坤科技,301132,创业板,301132_满坤科技_2022-08-05.pdf,395,2022-08-05,6.15,/Users/chenyuang/Desktop/巨潮网资料/2022/301132_满坤科技_2022-08-05.pdf,2022
瑞泰新材,301238,创业板,301238_瑞泰新材_2022-06-14.pdf,657,2022-06-14,7.05,/Users/chenyuang/Desktop/巨潮网资料/2022/301238_瑞泰新材_2022-06-14.pdf,2022
源飞宠物,001222,深主板,001222_源飞宠物_2022-08-02.pdf,109,2022-08-02,1.76,/Users/chenyuang/Desktop/巨潮网资料/2022/001222_源飞宠物_2022-08-02.pdf,2022
楚环科技,001336,深主板,001336_楚环科技_2022-07-12.pdf,102,2022-07-12,1.39,/Users/chenyuang/Desktop/巨潮网资料/2022/001336_楚环科技_2022-07-12.pdf,2022
农心科技,001231,深主板,001231_农心科技_2022-07-18.pdf,97,2022-07-18,1.67,/Users/chenyuang/Desktop/巨潮网资料/2022/001231_农心科技_2022-07-18.pdf,2022
禾川科技,688320,科创板,688320_禾川科技_2022-04-25.pdf,413,2022-04-25,6.3,/Users/chenyuang/Desktop/巨潮网资料/2022/688320_禾川科技_2022-04-25.pdf,2022
联合化学,301209,创业板,301209_联合化学_2022-08-11.pdf,428,2022-08-11,8.46,/Users/chenyuang/Desktop/巨潮网资料/2022/301209_联合化学_2022-08-11.pdf,2022
森鹰窗业,301227,创业板,301227_森鹰窗业_2022-09-20.pdf,553,2022-09-20,8.9,/Users/chenyuang/Desktop/巨潮网资料/2022/301227_森鹰窗业_2022-09-20.pdf,2022
哈焊华通,301137,创业板,301137_哈焊华通_2022-03-16.pdf,501,2022-03-16,7.38,/Users/chenyuang/Desktop/巨潮网资料/2022/301137_哈焊华通_2022-03-16.pdf,2022
思林杰,688115,科创板,688115_思林杰_2022-03-09.pdf,402,2022-03-09,5.69,/Users/chenyuang/Desktop/巨潮网资料/2022/688115_思林杰_2022-03-09.pdf,2022
德科立,688205,科创板,688205_德科立_2022-08-04.pdf,383,2022-08-04,5.95,/Users/chenyuang/Desktop/巨潮网资料/2022/688205_德科立_2022-08-04.pdf,2022
尚太科技,001301,深主板,001301_尚太科技_2022-11-25.pdf,125,2022-11-25,2.37,/Users/chenyuang/Desktop/巨潮网资料/2022/001301_尚太科技_2022-11-25.pdf,2022
可川科技,603052,沪主板,603052_可川科技_2022-09-21.pdf,86,2022-09-21,1.63,/Users/chenyuang/Desktop/巨潮网资料/2022/603052_可川科技_2022-09-21.pdf,2022
星源卓镁,301398,创业板,301398_星源卓镁_2022-12-12.pdf,551,2022-12-12,6.92,/Users/chenyuang/Desktop/巨潮网资料/2022/301398_星源卓镁_2022-12-12.pdf,2022
仁度生物,688193,科创板,688193_仁度生物_2022-03-25.pdf,485,2022-03-25,7.65,/Users/chenyuang/Desktop/巨潮网资料/2022/688193_仁度生物_2022-03-25.pdf,2022
胜通能源,001331,深主板,001331_胜通能源_2022-08-08.pdf,89,2022-08-08,1.28,/Users/chenyuang/Desktop/巨潮网资料/2022/001331_胜通能源_2022-08-08.pdf,2022
好上好,001298,深主板,001298_好上好_2022-09-20.pdf,116,2022-09-20,1.29,/Users/chenyuang/Desktop/巨潮网资料/2022/001298_好上好_2022-09-20.pdf,2022
德龙激光,688170,科创板,688170_德龙激光_2022-04-26.pdf,438,2022-04-26,8.57,/Users/chenyuang/Desktop/巨潮网资料/2022/688170_德龙激光_2022-04-26.pdf,2022
劲旅环境,001230,深主板,001230_劲旅环境_2022-07-04.pdf,133,2022-07-04,3.26,/Users/chenyuang/Desktop/巨潮网资料/2022/001230_劲旅环境_2022-07-04.pdf,2022
美好医疗,301363,创业板,301363_美好医疗_2022-09-16.pdf,1,2022-09-16,0.46,/Users/chenyuang/Desktop/巨潮网资料/2022/301363_美好医疗_2022-09-16.pdf,2022
国能日新,301162,创业板,301162_国能日新_2022-04-21.pdf,694,2022-04-21,14.84,/Users/chenyuang/Desktop/巨潮网资料/2022/301162_国能日新_2022-04-21.pdf,2022
磁谷科技,688448,科创板,688448_磁谷科技_2022-09-15.pdf,332,2022-09-15,6.96,/Users/chenyuang/Desktop/巨潮网资料/2022/688448_磁谷科技_2022-09-15.pdf,2022
帕瓦股份,688184,科创板,688184_帕瓦股份_2022-09-14.pdf,341,2022-09-14,4.94,/Users/chenyuang/Desktop/巨潮网资料/2022/688184_帕瓦股份_2022-09-14.pdf,2022
宏德股份,301163,创业板,301163_宏德股份_2022-03-25.pdf,1,2022-03-25,0.17,/Users/chenyuang/Desktop/巨潮网资料/2022/301163_宏德股份_2022-03-25.pdf,2022
永泰运,001228,深主板,001228_永泰运_2022-04-19.pdf,71,2022-04-19,1.58,/Users/chenyuang/Desktop/巨潮网资料/2022/001228_永泰运_2022-04-19.pdf,2022
鹿山新材,603051,沪主板,603051_鹿山新材_2022-03-15.pdf,114,2022-03-15,3.39,/Users/chenyuang/Desktop/巨潮网资料/2022/603051_鹿山新材_2022-03-15.pdf,2022
思特威,688213,科创板,688213_思特威_2022-05-17.pdf,468,2022-05-17,11.37,/Users/chenyuang/Desktop/巨潮网资料/2022/688213_思特威_2022-05-17.pdf,2022
望变电气,603191,沪主板,603191_望变电气_2022-03-25.pdf,138,2022-03-25,2.77,/Users/chenyuang/Desktop/巨潮网资料/2022/603191_望变电气_2022-03-25.pdf,2022
亚香股份,301220,创业板,301220_亚香股份_2022-06-17.pdf,412,2022-06-17,8.95,/Users/chenyuang/Desktop/巨潮网资料/2022/301220_亚香股份_2022-06-17.pdf,2022
拓山重工,001226,深主板,001226_拓山重工_2022-05-18.pdf,123,2022-05-18,2.82,/Users/chenyuang/Desktop/巨潮网资料/2022/001226_拓山重工_2022-05-18.pdf,2022
中科蓝讯,688332,科创板,688332_中科蓝讯_2022-07-12.pdf,430,2022-07-12,5.47,/Users/chenyuang/Desktop/巨潮网资料/2022/688332_中科蓝讯_2022-07-12.pdf,2022
诺思格,301333,创业板,301333_诺思格_2022-07-20.pdf,791,2022-07-20,7.03,/Users/chenyuang/Desktop/巨潮网资料/2022/301333_诺思格_2022-07-20.pdf,2022
天元宠物,301335,创业板,301335_天元宠物_2022-11-15.pdf,537,2022-11-15,12.75,/Users/chenyuang/Desktop/巨潮网资料/2022/301335_天元宠物_2022-11-15.pdf,2022
奥浦迈,688293,科创板,688293_奥浦迈_2022-08-30.pdf,406,2022-08-30,5.94,/Users/chenyuang/Desktop/巨潮网资料/2022/688293_奥浦迈_2022-08-30.pdf,2022
联盛化学,301212,创业板,301212_联盛化学_2022-03-21.pdf,1,2022-03-21,0.2,/Users/chenyuang/Desktop/巨潮网资料/2022/301212_联盛化学_2022-03-21.pdf,2022
山外山,688410,科创板,688410_山外山_2022-12-21.pdf,451,2022-12-21,7.26,/Users/chenyuang/Desktop/巨潮网资料/2022/688410_山外山_2022-12-21.pdf,2022
海光信息,688041,科创板,688041_海光信息_2022-08-09.pdf,408,2022-08-09,8.91,/Users/chenyuang/Desktop/巨潮网资料/2022/688041_海光信息_2022-08-09.pdf,2022
金禄电子,301282,创业板,301282_金禄电子_2022-08-03.pdf,1,2022-08-03,0.17,/Users/chenyuang/Desktop/巨潮网资料/2022/301282_金禄电子_2022-08-03.pdf,2022
华融化学,301256,创业板,301256_华融化学_2022-03-16.pdf,656,2022-03-16,12.8,/Users/chenyuang/Desktop/巨潮网资料/2022/301256_华融化学_2022-03-16.pdf,2022
东田微,301183,创业板,301183_东田微_2022-05-11.pdf,458,2022-05-11,6.02,/Users/chenyuang/Desktop/巨潮网资料/2022/301183_东田微_2022-05-11.pdf,2022
莱特光电,688150,科创板,688150_莱特光电_2022-03-14.pdf,538,2022-03-14,11.53,/Users/chenyuang/Desktop/巨潮网资料/2022/688150_莱特光电_2022-03-14.pdf,2022
杰华特,688141,科创板,688141_杰华特_2022-12-20.pdf,420,2022-12-20,8.74,/Users/chenyuang/Desktop/巨潮网资料/2022/688141_杰华特_2022-12-20.pdf,2022
毕得医药,688073,科创板,688073_毕得医药_2022-09-29.pdf,417,2022-09-29,6.49,/Users/chenyuang/Desktop/巨潮网资料/2022/688073_毕得医药_2022-09-29.pdf,2022
有研硅,688432,科创板,688432_有研硅_2022-11-07.pdf,403,2022-11-07,9.05,/Users/chenyuang/Desktop/巨潮网资料/2022/688432_有研硅_2022-11-07.pdf,2022
联动科技,301369,创业板,301369_联动科技_2022-09-07.pdf,442,2022-09-07,7.29,/Users/chenyuang/Desktop/巨潮网资料/2022/301369_联动科技_2022-09-07.pdf,2022
科捷智能,688455,科创板,688455_科捷智能_2022-09-09.pdf,462,2022-09-09,6.99,/Users/chenyuang/Desktop/巨潮网资料/2022/688455_科捷智能_2022-09-09.pdf,2022
一博科技,301366,创业板,301366_一博科技_2022-09-21.pdf,492,2022-09-21,6.75,/Users/chenyuang/Desktop/巨潮网资料/2022/301366_一博科技_2022-09-21.pdf,2022
腾亚精工,301125,创业板,301125_腾亚精工_2022-05-31.pdf,680,2022-05-31,7.51,/Users/chenyuang/Desktop/巨潮网资料/2022/301125_腾亚精工_2022-05-31.pdf,2022
金道科技,301279,创业板,301279_金道科技_2022-03-23.pdf,2,2022-03-23,0.23,/Users/chenyuang/Desktop/巨潮网资料/2022/301279_金道科技_2022-03-23.pdf,2022
科达制造,600499,沪主板,600499_科达制造_2022-07-23.pdf,1,2022-07-23,0.08,/Users/chenyuang/Desktop/巨潮网资料/2022/600499_科达制造_2022-07-23.pdf,2022
中荣股份,301223,创业板,301223_中荣股份_2022-09-23.pdf,2,2022-09-23,0.38,/Users/chenyuang/Desktop/巨潮网资料/2022/301223_中荣股份_2022-09-23.pdf,2022
帝奥微,688381,科创板,688381_帝奥微_2022-08-17.pdf,439,2022-08-17,5.41,/Users/chenyuang/Desktop/巨潮网资料/2022/688381_帝奥微_2022-08-17.pdf,2022
德邦科技,688035,科创板,688035_德邦科技_2022-09-14.pdf,387,2022-09-14,6.07,/Users/chenyuang/Desktop/巨潮网资料/2022/688035_德邦科技_2022-09-14.pdf,2022
万凯新材,301216,创业板,301216_万凯新材_2022-03-23.pdf,352,2022-03-23,5.3,/Users/chenyuang/Desktop/巨潮网资料/2022/301216_万凯新材_2022-03-23.pdf,2022
康冠科技,001308,深主板,001308_康冠科技_2022-03-07.pdf,240,2022-03-07,5.86,/Users/chenyuang/Desktop/巨潮网资料/2022/001308_康冠科技_2022-03-07.pdf,2022
富士莱,301258,创业板,301258_富士莱_2022-03-23.pdf,598,2022-03-23,10.66,/Users/chenyuang/Desktop/巨潮网资料/2022/301258_富士莱_2022-03-23.pdf,2022
佰维存储,688525,科创板,688525_佰维存储_2022-12-27.pdf,467,2022-12-27,12.94,/Users/chenyuang/Desktop/巨潮网资料/2022/688525_佰维存储_2022-12-27.pdf,2022
丰立智能,301368,创业板,301368_丰立智能_2022-12-09.pdf,458,2022-12-09,15.97,/Users/chenyuang/Desktop/巨潮网资料/2022/301368_丰立智能_2022-12-09.pdf,2022
鸿铭股份,301105,创业板,301105_鸿铭股份_2022-12-16.pdf,517,2022-12-16,6.96,/Users/chenyuang/Desktop/巨潮网资料/2022/301105_鸿铭股份_2022-12-16.pdf,2022
健康元,600380,沪主板,600380_健康元_2022-09-21.pdf,1,2022-09-21,0.2,/Users/chenyuang/Desktop/巨潮网资料/2022/600380_健康元_2022-09-21.pdf,2022
泰恩康,301263,创业板,301263_泰恩康_2022-03-24.pdf,850,2022-03-24,8.67,/Users/chenyuang/Desktop/巨潮网资料/2022/301263_泰恩康_2022-03-24.pdf,2022
通力科技,301255,创业板,301255_通力科技_2022-12-08.pdf,368,2022-12-08,8.74,/Users/chenyuang/Desktop/巨潮网资料/2022/301255_通力科技_2022-12-08.pdf,2022
阳光乳业,001318,深主板,001318_阳光乳业_2022-05-06.pdf,122,2022-05-06,2.37,/Users/chenyuang/Desktop/巨潮网资料/2022/001318_阳光乳业_2022-05-06.pdf,2022
中无人机,688297,科创板,688297_中无人机_2022-06-21.pdf,432,2022-06-21,6.31,/Users/chenyuang/Desktop/巨潮网资料/2022/688297_中无人机_2022-06-21.pdf,2022
艾布鲁,301259,创业板,301259_艾布鲁_2022-04-20.pdf,690,2022-04-20,6.46,/Users/chenyuang/Desktop/巨潮网资料/2022/301259_艾布鲁_2022-04-20.pdf,2022
耐科装备,688419,科创板,688419_耐科装备_2022-11-02.pdf,394,2022-11-02,5.23,/Users/chenyuang/Desktop/巨潮网资料/2022/688419_耐科装备_2022-11-02.pdf,2022
盟科药业,688373,科创板,688373_盟科药业_2022-08-02.pdf,422,2022-08-02,8.71,/Users/chenyuang/Desktop/巨潮网资料/2022/688373_盟科药业_2022-08-02.pdf,2022
联影医疗,688271,科创板,688271_联影医疗_2022-08-16.pdf,633,2022-08-16,9.93,/Users/chenyuang/Desktop/巨潮网资料/2022/688271_联影医疗_2022-08-16.pdf,2022
联翔股份,603272,沪主板,603272_联翔股份_2022-05-09.pdf,121,2022-05-09,3.24,/Users/chenyuang/Desktop/巨潮网资料/2022/603272_联翔股份_2022-05-09.pdf,2022
卡莱特,301391,创业板,301391_卡莱特_2022-11-28.pdf,379,2022-11-28,9.29,/Users/chenyuang/Desktop/巨潮网资料/2022/301391_卡莱特_2022-11-28.pdf,2022
铭科精技,001319,深主板,001319_铭科精技_2022-04-25.pdf,101,2022-04-25,2.33,/Users/chenyuang/Desktop/巨潮网资料/2022/001319_铭科精技_2022-04-25.pdf,2022
晶华微,688130,科创板,688130_晶华微_2022-07-26.pdf,346,2022-07-26,8.13,/Users/chenyuang/Desktop/巨潮网资料/2022/688130_晶华微_2022-07-26.pdf,2022
嘉曼服饰,301276,创业板,301276_嘉曼服饰_2022-09-05.pdf,634,2022-09-05,11.4,/Users/chenyuang/Desktop/巨潮网资料/2022/301276_嘉曼服饰_2022-09-05.pdf,2022
扬州金泉,603307,沪主板,603307_扬州金泉_2023-01-10.pdf,81,2023-01-10,1.6,/Users/chenyuang/Desktop/巨潮网资料/2023/603307_扬州金泉_2023-01-10.pdf,2023
华虹公司,688347,科创板,688347_华虹公司_2023-07-31.pdf,337,2023-07-31,5.82,/Users/chenyuang/Desktop/巨潮网资料/2023/688347_华虹公司_2023-07-31.pdf,2023
盘古智能,301456,创业板,301456_盘古智能_2023-07-10.pdf,356,2023-07-10,5.32,/Users/chenyuang/Desktop/巨潮网资料/2023/301456_盘古智能_2023-07-10.pdf,2023
永达股份,001239,深主板,001239_永达股份_2023-12-06.pdf,441,2023-12-06,8.48,/Users/chenyuang/Desktop/巨潮网资料/2023/001239_永达股份_2023-12-06.pdf,2023
国科军工,688543,科创板,688543_国科军工_2023-06-16.pdf,354,2023-06-16,9.56,/Users/chenyuang/Desktop/巨潮网资料/2023/688543_国科军工_2023-06-16.pdf,2023
科源制药,301281,创业板,301281_科源制药_2023-03-30.pdf,520,2023-03-30,10.87,/Users/chenyuang/Desktop/巨潮网资料/2023/301281_科源制药_2023-03-30.pdf,2023
金凯生科,301509,创业板,301509_金凯生科_2023-07-28.pdf,342,2023-07-28,7.79,/Users/chenyuang/Desktop/巨潮网资料/2023/301509_金凯生科_2023-07-28.pdf,2023
威迈斯,688612,科创板,688612_威迈斯_2023-07-21.pdf,543,2023-07-21,12.0,/Users/chenyuang/Desktop/巨潮网资料/2023/688612_威迈斯_2023-07-21.pdf,2023
纳睿雷达,688522,科创板,688522_纳睿雷达_2023-02-24.pdf,386,2023-02-24,3.36,/Users/chenyuang/Desktop/巨潮网资料/2023/688522_纳睿雷达_2023-02-24.pdf,2023
涛涛车业,301345,创业板,301345_涛涛车业_2023-03-14.pdf,724,2023-03-14,17.42,/Users/chenyuang/Desktop/巨潮网资料/2023/301345_涛涛车业_2023-03-14.pdf,2023
常青科技,603125,沪主板,603125_常青科技_2023-04-03.pdf,309,2023-04-03,8.97,/Users/chenyuang/Desktop/巨潮网资料/2023/603125_常青科技_2023-04-03.pdf,2023
中远通,301516,创业板,301516_中远通_2023-12-05.pdf,475,2023-12-05,6.64,/Users/chenyuang/Desktop/巨潮网资料/2023/301516_中远通_2023-12-05.pdf,2023
飞南资源,301500,创业板,301500_飞南资源_2023-09-15.pdf,768,2023-09-15,9.28,/Users/chenyuang/Desktop/巨潮网资料/2023/301500_飞南资源_2023-09-15.pdf,2023
乖宝宠物,301498,创业板,301498_乖宝宠物_2023-08-11.pdf,570,2023-08-11,30.28,/Users/chenyuang/Desktop/巨潮网资料/2023/301498_乖宝宠物_2023-08-11.pdf,2023
南矿集团,001360,深主板,001360_南矿集团_2023-04-04.pdf,520,2023-04-04,6.42,/Users/chenyuang/Desktop/巨潮网资料/2023/001360_南矿集团_2023-04-04.pdf,2023
宿迁联盛,603065,沪主板,603065_宿迁联盛_2023-02-16.pdf,654,2023-02-16,6.48,/Users/chenyuang/Desktop/巨潮网资料/2023/603065_宿迁联盛_2023-02-16.pdf,2023
龙迅股份,688486,科创板,688486_龙迅股份_2023-02-14.pdf,420,2023-02-14,8.71,/Users/chenyuang/Desktop/巨潮网资料/2023/688486_龙迅股份_2023-02-14.pdf,2023
真兰仪表,301303,创业板,301303_真兰仪表_2023-02-15.pdf,438,2023-02-15,6.17,/Users/chenyuang/Desktop/巨潮网资料/2023/301303_真兰仪表_2023-02-15.pdf,2023
英华特,301272,创业板,301272_英华特_2023-07-10.pdf,422,2023-07-10,5.9,/Users/chenyuang/Desktop/巨潮网资料/2023/301272_英华特_2023-07-10.pdf,2023
达利凯普,301566,创业板,301566_达利凯普_2023-12-26.pdf,381,2023-12-26,14.79,/Users/chenyuang/Desktop/巨潮网资料/2023/301566_达利凯普_2023-12-26.pdf,2023
华曙高科,688433,科创板,688433_华曙高科_2023-04-11.pdf,455,2023-04-11,7.89,/Users/chenyuang/Desktop/巨潮网资料/2023/688433_华曙高科_2023-04-11.pdf,2023
昊帆生物,301393,创业板,301393_昊帆生物_2023-07-07.pdf,425,2023-07-07,9.02,/Users/chenyuang/Desktop/巨潮网资料/2023/301393_昊帆生物_2023-07-07.pdf,2023
亚光股份,603282,沪主板,603282_亚光股份_2023-03-02.pdf,499,2023-03-02,11.95,/Users/chenyuang/Desktop/巨潮网资料/2023/603282_亚光股份_2023-03-02.pdf,2023
永太科技,002326,深主板,002326_永太科技_2023-07-07.pdf,2,2023-07-07,0.18,/Users/chenyuang/Desktop/巨潮网资料/2023/002326_永太科技_2023-07-07.pdf,2023
光大同创,301387,创业板,301387_光大同创_2023-04-12.pdf,453,2023-04-12,9.25,/Users/chenyuang/Desktop/巨潮网资料/2023/301387_光大同创_2023-04-12.pdf,2023
司南导航,688592,科创板,688592_司南导航_2023-08-09.pdf,368,2023-08-09,7.76,/Users/chenyuang/Desktop/巨潮网资料/2023/688592_司南导航_2023-08-09.pdf,2023
信宇人,688573,科创板,688573_信宇人_2023-08-11.pdf,416,2023-08-11,8.63,/Users/chenyuang/Desktop/巨潮网资料/2023/688573_信宇人_2023-08-11.pdf,2023
威力传动,300904,创业板,300904_威力传动_2023-08-04.pdf,365,2023-08-04,8.76,/Users/chenyuang/Desktop/巨潮网资料/2023/300904_威力传动_2023-08-04.pdf,2023
浙江荣泰,603119,沪主板,603119_浙江荣泰_2023-07-25.pdf,440,2023-07-25,10.05,/Users/chenyuang/Desktop/巨潮网资料/2023/603119_浙江荣泰_2023-07-25.pdf,2023
恒尚节能,603137,沪主板,603137_恒尚节能_2023-04-12.pdf,372,2023-04-12,10.43,/Users/chenyuang/Desktop/巨潮网资料/2023/603137_恒尚节能_2023-04-12.pdf,2023
东威科技,688700,科创板,688700_东威科技_2023-06-08.pdf,1,2023-06-08,0.22,/Users/chenyuang/Desktop/巨潮网资料/2023/688700_东威科技_2023-06-08.pdf,2023
豪江智能,301320,创业板,301320_豪江智能_2023-06-05.pdf,568,2023-06-05,10.01,/Users/chenyuang/Desktop/巨潮网资料/2023/301320_豪江智能_2023-06-05.pdf,2023
威士顿,301315,创业板,301315_威士顿_2023-06-15.pdf,361,2023-06-15,6.69,/Users/chenyuang/Desktop/巨潮网资料/2023/301315_威士顿_2023-06-15.pdf,2023
盟固利,301487,创业板,301487_盟固利_2023-08-03.pdf,423,2023-08-03,15.65,/Users/chenyuang/Desktop/巨潮网资料/2023/301487_盟固利_2023-08-03.pdf,2023
通达创智,001368,深主板,001368_通达创智_2023-02-28.pdf,121,2023-02-28,3.23,/Users/chenyuang/Desktop/巨潮网资料/2023/001368_通达创智_2023-02-28.pdf,2023
维科精密,301499,创业板,301499_维科精密_2023-07-17.pdf,505,2023-07-17,7.93,/Users/chenyuang/Desktop/巨潮网资料/2023/301499_维科精密_2023-07-17.pdf,2023
华勤技术,603296,沪主板,603296_华勤技术_2023-08-03.pdf,840,2023-08-03,11.3,/Users/chenyuang/Desktop/巨潮网资料/2023/603296_华勤技术_2023-08-03.pdf,2023
波长光电,301421,创业板,301421_波长光电_2023-08-18.pdf,468,2023-08-18,6.62,/Users/chenyuang/Desktop/巨潮网资料/2023/301421_波长光电_2023-08-18.pdf,2023
登康口腔,001328,深主板,001328_登康口腔_2023-03-31.pdf,504,2023-03-31,11.63,/Users/chenyuang/Desktop/巨潮网资料/2023/001328_登康口腔_2023-03-31.pdf,2023
北方长龙,301357,创业板,301357_北方长龙_2023-04-13.pdf,490,2023-04-13,9.79,/Users/chenyuang/Desktop/巨潮网资料/2023/301357_北方长龙_2023-04-13.pdf,2023
信音电子,301329,创业板,301329_信音电子_2023-07-07.pdf,395,2023-07-07,5.62,/Users/chenyuang/Desktop/巨潮网资料/2023/301329_信音电子_2023-07-07.pdf,2023
海通发展,603162,沪主板,603162_海通发展_2023-02-23.pdf,492,2023-02-23,6.16,/Users/chenyuang/Desktop/巨潮网资料/2023/603162_海通发展_2023-02-23.pdf,2023
智翔金泰,688443,科创板,688443_智翔金泰_2023-06-15.pdf,429,2023-06-15,5.59,/Users/chenyuang/Desktop/巨潮网资料/2023/688443_智翔金泰_2023-06-15.pdf,2023
航天软件,688562,科创板,688562_航天软件_2023-05-17.pdf,417,2023-05-17,12.93,/Users/chenyuang/Desktop/巨潮网资料/2023/688562_航天软件_2023-05-17.pdf,2023
索宝蛋白,603231,沪主板,603231_索宝蛋白_2023-12-08.pdf,372,2023-12-08,7.59,/Users/chenyuang/Desktop/巨潮网资料/2023/603231_索宝蛋白_2023-12-08.pdf,2023
通达海,301378,创业板,301378_通达海_2023-03-01.pdf,383,2023-03-01,5.23,/Users/chenyuang/Desktop/巨潮网资料/2023/301378_通达海_2023-03-01.pdf,2023
开创电气,301448,创业板,301448_开创电气_2023-06-06.pdf,520,2023-06-06,5.66,/Users/chenyuang/Desktop/巨潮网资料/2023/301448_开创电气_2023-06-06.pdf,2023
翔腾新材,001373,深主板,001373_翔腾新材_2023-05-18.pdf,420,2023-05-18,4.94,/Users/chenyuang/Desktop/巨潮网资料/2023/001373_翔腾新材_2023-05-18.pdf,2023
双元科技,688623,科创板,688623_双元科技_2023-06-02.pdf,413,2023-06-02,8.51,/Users/chenyuang/Desktop/巨潮网资料/2023/688623_双元科技_2023-06-02.pdf,2023
斯菱股份,301550,创业板,301550_斯菱股份_2023-09-08.pdf,409,2023-09-08,6.45,/Users/chenyuang/Desktop/巨潮网资料/2023/301550_斯菱股份_2023-09-08.pdf,2023
中信金属,601061,沪主板,601061_中信金属_2023-04-03.pdf,501,2023-04-03,10.26,/Users/chenyuang/Desktop/巨潮网资料/2023/601061_中信金属_2023-04-03.pdf,2023
颀中科技,688352,科创板,688352_颀中科技_2023-04-13.pdf,448,2023-04-13,9.95,/Users/chenyuang/Desktop/巨潮网资料/2023/688352_颀中科技_2023-04-13.pdf,2023
科净源,301372,创业板,301372_科净源_2023-08-07.pdf,341,2023-08-07,12.99,/Users/chenyuang/Desktop/巨潮网资料/2023/301372_科净源_2023-08-07.pdf,2023
国际复材,301526,创业板,301526_国际复材_2023-12-21.pdf,561,2023-12-21,6.94,/Users/chenyuang/Desktop/巨潮网资料/2023/301526_国际复材_2023-12-21.pdf,2023
亿道信息,001314,深主板,001314_亿道信息_2023-01-30.pdf,165,2023-01-30,4.23,/Users/chenyuang/Desktop/巨潮网资料/2023/001314_亿道信息_2023-01-30.pdf,2023
鑫磊股份,301317,创业板,301317_鑫磊股份_2023-01-16.pdf,394,2023-01-16,5.34,/Users/chenyuang/Desktop/巨潮网资料/2023/301317_鑫磊股份_2023-01-16.pdf,2023
康力源,301287,创业板,301287_康力源_2023-06-01.pdf,489,2023-06-01,6.46,/Users/chenyuang/Desktop/巨潮网资料/2023/301287_康力源_2023-06-01.pdf,2023
康鹏科技,688602,科创板,688602_康鹏科技_2023-07-17.pdf,495,2023-07-17,6.36,/Users/chenyuang/Desktop/巨潮网资料/2023/688602_康鹏科技_2023-07-17.pdf,2023
泰凌微,688591,科创板,688591_泰凌微_2023-08-22.pdf,505,2023-08-22,7.06,/Users/chenyuang/Desktop/巨潮网资料/2023/688591_泰凌微_2023-08-22.pdf,2023
上海建科,603153,沪主板,603153_上海建科_2023-02-28.pdf,846,2023-02-28,8.89,/Users/chenyuang/Desktop/巨潮网资料/2023/603153_上海建科_2023-02-28.pdf,2023
碧兴物联,688671,科创板,688671_碧兴物联_2023-08-04.pdf,490,2023-08-04,6.53,/Users/chenyuang/Desktop/巨潮网资料/2023/688671_碧兴物联_2023-08-04.pdf,2023
新莱福,301323,创业板,301323_新莱福_2023-05-31.pdf,305,2023-05-31,8.19,/Users/chenyuang/Desktop/巨潮网资料/2023/301323_新莱福_2023-05-31.pdf,2023
坤泰股份,001260,深主板,001260_坤泰股份_2023-02-06.pdf,99,2023-02-06,2.42,/Users/chenyuang/Desktop/巨潮网资料/2023/001260_坤泰股份_2023-02-06.pdf,2023
中研股份,688716,科创板,688716_中研股份_2023-09-15.pdf,449,2023-09-15,5.97,/Users/chenyuang/Desktop/巨潮网资料/2023/688716_中研股份_2023-09-15.pdf,2023
普莱得,301353,创业板,301353_普莱得_2023-05-17.pdf,453,2023-05-17,6.59,/Users/chenyuang/Desktop/巨潮网资料/2023/301353_普莱得_2023-05-17.pdf,2023
多利科技,001311,深主板,001311_多利科技_2023-02-13.pdf,122,2023-02-13,3.27,/Users/chenyuang/Desktop/巨潮网资料/2023/001311_多利科技_2023-02-13.pdf,2023
广钢气体,688548,科创板,688548_广钢气体_2023-08-10.pdf,369,2023-08-10,5.0,/Users/chenyuang/Desktop/巨潮网资料/2023/688548_广钢气体_2023-08-10.pdf,2023
苏能股份,600925,沪主板,600925_苏能股份_2023-02-23.pdf,606,2023-02-23,6.77,/Users/chenyuang/Desktop/巨潮网资料/2023/600925_苏能股份_2023-02-23.pdf,2023
金帝股份,603270,沪主板,603270_金帝股份_2023-08-29.pdf,553,2023-08-29,6.58,/Users/chenyuang/Desktop/巨潮网资料/2023/603270_金帝股份_2023-08-29.pdf,2023
盛科通信,688702,科创板,688702_盛科通信_2023-09-08.pdf,436,2023-09-08,6.64,/Users/chenyuang/Desktop/巨潮网资料/2023/688702_盛科通信_2023-09-08.pdf,2023
陕西能源,001286,深主板,001286_陕西能源_2023-04-04.pdf,628,2023-04-04,7.37,/Users/chenyuang/Desktop/巨潮网资料/2023/001286_陕西能源_2023-04-04.pdf,2023
湖南裕能,301358,创业板,301358_湖南裕能_2023-02-03.pdf,433,2023-02-03,9.9,/Users/chenyuang/Desktop/巨潮网资料/2023/301358_湖南裕能_2023-02-03.pdf,2023
日联科技,688531,科创板,688531_日联科技_2023-03-28.pdf,442,2023-03-28,12.07,/Users/chenyuang/Desktop/巨潮网资料/2023/688531_日联科技_2023-03-28.pdf,2023
安邦护卫,603373,沪主板,603373_安邦护卫_2023-12-15.pdf,523,2023-12-15,5.93,/Users/chenyuang/Desktop/巨潮网资料/2023/603373_安邦护卫_2023-12-15.pdf,2023
热威股份,603075,沪主板,603075_热威股份_2023-09-05.pdf,354,2023-09-05,7.1,/Users/chenyuang/Desktop/巨潮网资料/2023/603075_热威股份_2023-09-05.pdf,2023
高华科技,688539,科创板,688539_高华科技_2023-04-13.pdf,338,2023-04-13,5.15,/Users/chenyuang/Desktop/巨潮网资料/2023/688539_高华科技_2023-04-13.pdf,2023
和泰机电,001225,深主板,001225_和泰机电_2023-02-06.pdf,100,2023-02-06,1.71,/Users/chenyuang/Desktop/巨潮网资料/2023/001225_和泰机电_2023-02-06.pdf,2023
阿莱德,301419,创业板,301419_阿莱德_2023-02-06.pdf,491,2023-02-06,13.8,/Users/chenyuang/Desktop/巨潮网资料/2023/301419_阿莱德_2023-02-06.pdf,2023
杭可科技,688006,科创板,688006_杭可科技_2023-02-17.pdf,1,2023-02-17,0.28,/Users/chenyuang/Desktop/巨潮网资料/2023/688006_杭可科技_2023-02-17.pdf,2023
敷尔佳,301371,创业板,301371_敷尔佳_2023-07-26.pdf,493,2023-07-26,13.15,/Users/chenyuang/Desktop/巨潮网资料/2023/301371_敷尔佳_2023-07-26.pdf,2023
崇德科技,301548,创业板,301548_崇德科技_2023-09-13.pdf,358,2023-09-13,9.58,/Users/chenyuang/Desktop/巨潮网资料/2023/301548_崇德科技_2023-09-13.pdf,2023
锴威特,688693,科创板,688693_锴威特_2023-08-14.pdf,406,2023-08-14,7.23,/Users/chenyuang/Desktop/巨潮网资料/2023/688693_锴威特_2023-08-14.pdf,2023
中润光学,688307,科创板,688307_中润光学_2023-02-10.pdf,518,2023-02-10,20.43,/Users/chenyuang/Desktop/巨潮网资料/2023/688307_中润光学_2023-02-10.pdf,2023
天玛智控,688570,科创板,688570_天玛智控_2023-05-31.pdf,584,2023-05-31,8.59,/Users/chenyuang/Desktop/巨潮网资料/2023/688570_天玛智控_2023-05-31.pdf,2023
江瀚新材,603281,沪主板,603281_江瀚新材_2023-01-12.pdf,548,2023-01-12,12.09,/Users/chenyuang/Desktop/巨潮网资料/2023/603281_江瀚新材_2023-01-12.pdf,2023
索辰科技,688507,科创板,688507_索辰科技_2023-04-12.pdf,407,2023-04-12,6.24,/Users/chenyuang/Desktop/巨潮网资料/2023/688507_索辰科技_2023-04-12.pdf,2023
方大炭素,600516,沪主板,600516_方大炭素_2023-03-10.pdf,1,2023-03-10,0.27,/Users/chenyuang/Desktop/巨潮网资料/2023/600516_方大炭素_2023-03-10.pdf,2023
福斯达,603173,沪主板,603173_福斯达_2023-01-09.pdf,528,2023-01-09,6.01,/Users/chenyuang/Desktop/巨潮网资料/2023/603173_福斯达_2023-01-09.pdf,2023
华塑科技,301157,创业板,301157_华塑科技_2023-03-03.pdf,295,2023-03-03,7.02,/Users/chenyuang/Desktop/巨潮网资料/2023/301157_华塑科技_2023-03-03.pdf,2023
福赛科技,301529,创业板,301529_福赛科技_2023-09-04.pdf,383,2023-09-04,7.58,/Users/chenyuang/Desktop/巨潮网资料/2023/301529_福赛科技_2023-09-04.pdf,2023
凌玮科技,301373,创业板,301373_凌玮科技_2023-01-31.pdf,604,2023-01-31,7.26,/Users/chenyuang/Desktop/巨潮网资料/2023/301373_凌玮科技_2023-01-31.pdf,2023
博盈特焊,301468,创业板,301468_博盈特焊_2023-07-14.pdf,478,2023-07-14,12.63,/Users/chenyuang/Desktop/巨潮网资料/2023/301468_博盈特焊_2023-07-14.pdf,2023
苏州规划,301505,创业板,301505_苏州规划_2023-07-14.pdf,373,2023-07-14,9.82,/Users/chenyuang/Desktop/巨潮网资料/2023/301505_苏州规划_2023-07-14.pdf,2023
兴欣新材,001358,深主板,001358_兴欣新材_2023-12-18.pdf,446,2023-12-18,9.28,/Users/chenyuang/Desktop/巨潮网资料/2023/001358_兴欣新材_2023-12-18.pdf,2023
福事特,301446,创业板,301446_福事特_2023-07-07.pdf,388,2023-07-07,7.49,/Users/chenyuang/Desktop/巨潮网资料/2023/301446_福事特_2023-07-07.pdf,2023
德福科技,301511,创业板,301511_德福科技_2023-08-10.pdf,489,2023-08-10,7.61,/Users/chenyuang/Desktop/巨潮网资料/2023/301511_德福科技_2023-08-10.pdf,2023
民爆光电,301362,创业板,301362_民爆光电_2023-07-31.pdf,442,2023-07-31,10.01,/Users/chenyuang/Desktop/巨潮网资料/2023/301362_民爆光电_2023-07-31.pdf,2023
光格科技,688450,科创板,688450_光格科技_2023-07-19.pdf,405,2023-07-19,5.22,/Users/chenyuang/Desktop/巨潮网资料/2023/688450_光格科技_2023-07-19.pdf,2023
彩蝶实业,603073,沪主板,603073_彩蝶实业_2023-02-13.pdf,550,2023-02-13,23.01,/Users/chenyuang/Desktop/巨潮网资料/2023/603073_彩蝶实业_2023-02-13.pdf,2023
恒勃股份,301225,创业板,301225_恒勃股份_2023-06-12.pdf,421,2023-06-12,8.25,/Users/chenyuang/Desktop/巨潮网资料/2023/301225_恒勃股份_2023-06-12.pdf,2023
华海诚科,688535,科创板,688535_华海诚科_2023-03-30.pdf,430,2023-03-30,5.38,/Users/chenyuang/Desktop/巨潮网资料/2023/688535_华海诚科_2023-03-30.pdf,2023
恒达新材,301469,创业板,301469_恒达新材_2023-08-14.pdf,404,2023-08-14,5.63,/Users/chenyuang/Desktop/巨潮网资料/2023/301469_恒达新材_2023-08-14.pdf,2023
科瑞思,301314,创业板,301314_科瑞思_2023-03-15.pdf,714,2023-03-15,9.73,/Users/chenyuang/Desktop/巨潮网资料/2023/301314_科瑞思_2023-03-15.pdf,2023
埃科光电,688610,科创板,688610_埃科光电_2023-07-12.pdf,395,2023-07-12,5.57,/Users/chenyuang/Desktop/巨潮网资料/2023/688610_埃科光电_2023-07-12.pdf,2023
西高院,688334,科创板,688334_西高院_2023-06-13.pdf,595,2023-06-13,12.9,/Users/chenyuang/Desktop/巨潮网资料/2023/688334_西高院_2023-06-13.pdf,2023
扬杰科技,300373,创业板,300373_扬杰科技_2023-04-12.pdf,1,2023-04-12,0.06,/Users/chenyuang/Desktop/巨潮网资料/2023/300373_扬杰科技_2023-04-12.pdf,2023
联合水务,603291,沪主板,603291_联合水务_2023-02-22.pdf,597,2023-02-22,6.91,/Users/chenyuang/Desktop/巨潮网资料/2023/603291_联合水务_2023-02-22.pdf,2023
三联锻造,001282,深主板,001282_三联锻造_2023-05-17.pdf,476,2023-05-17,11.15,/Users/chenyuang/Desktop/巨潮网资料/2023/001282_三联锻造_2023-05-17.pdf,2023
中电港,001287,深主板,001287_中电港_2023-04-03.pdf,443,2023-04-03,12.17,/Users/chenyuang/Desktop/巨潮网资料/2023/001287_中电港_2023-04-03.pdf,2023
儒竞科技,301525,创业板,301525_儒竞科技_2023-08-25.pdf,345,2023-08-25,7.34,/Users/chenyuang/Desktop/巨潮网资料/2023/301525_儒竞科技_2023-08-25.pdf,2023
广康生化,300804,创业板,300804_广康生化_2023-06-19.pdf,512,2023-06-19,10.16,/Users/chenyuang/Desktop/巨潮网资料/2023/300804_广康生化_2023-06-19.pdf,2023
舜禹股份,301519,创业板,301519_舜禹股份_2023-07-21.pdf,470,2023-07-21,11.55,/Users/chenyuang/Desktop/巨潮网资料/2023/301519_舜禹股份_2023-07-21.pdf,2023
威马农机,301533,创业板,301533_威马农机_2023-08-09.pdf,534,2023-08-09,6.39,/Users/chenyuang/Desktop/巨潮网资料/2023/301533_威马农机_2023-08-09.pdf,2023
丰茂股份,301459,创业板,301459_丰茂股份_2023-12-08.pdf,330,2023-12-08,8.19,/Users/chenyuang/Desktop/巨潮网资料/2023/301459_丰茂股份_2023-12-08.pdf,2023
致欧科技,301376,创业板,301376_致欧科技_2023-06-16.pdf,531,2023-06-16,11.74,/Users/chenyuang/Desktop/巨潮网资料/2023/301376_致欧科技_2023-06-16.pdf,2023
宏源药业,301246,创业板,301246_宏源药业_2023-03-14.pdf,479,2023-03-14,12.22,/Users/chenyuang/Desktop/巨潮网资料/2023/301246_宏源药业_2023-03-14.pdf,2023
裕太微,688515,科创板,688515_裕太微_2023-02-03.pdf,374,2023-02-03,9.23,/Users/chenyuang/Desktop/巨潮网资料/2023/688515_裕太微_2023-02-03.pdf,2023
亚通精工,603190,沪主板,603190_亚通精工_2023-02-07.pdf,472,2023-02-07,7.92,/Users/chenyuang/Desktop/巨潮网资料/2023/603190_亚通精工_2023-02-07.pdf,2023
西山科技,688576,科创板,688576_西山科技_2023-06-01.pdf,504,2023-06-01,10.98,/Users/chenyuang/Desktop/巨潮网资料/2023/688576_西山科技_2023-06-01.pdf,2023
华人健康,301408,创业板,301408_华人健康_2023-02-24.pdf,834,2023-02-24,19.46,/Users/chenyuang/Desktop/巨潮网资料/2023/301408_华人健康_2023-02-24.pdf,2023
航材股份,688563,科创板,688563_航材股份_2023-07-14.pdf,411,2023-07-14,8.8,/Users/chenyuang/Desktop/巨潮网资料/2023/688563_航材股份_2023-07-14.pdf,2023
江盐集团,601065,沪主板,601065_江盐集团_2023-04-04.pdf,578,2023-04-04,7.48,/Users/chenyuang/Desktop/巨潮网资料/2023/601065_江盐集团_2023-04-04.pdf,2023
南王科技,301355,创业板,301355_南王科技_2023-06-06.pdf,380,2023-06-06,5.91,/Users/chenyuang/Desktop/巨潮网资料/2023/301355_南王科技_2023-06-06.pdf,2023
盛邦安全,688651,科创板,688651_盛邦安全_2023-07-21.pdf,371,2023-07-21,5.52,/Users/chenyuang/Desktop/巨潮网资料/2023/688651_盛邦安全_2023-07-21.pdf,2023
航天环宇,688523,科创板,688523_航天环宇_2023-05-30.pdf,396,2023-05-30,11.21,/Users/chenyuang/Desktop/巨潮网资料/2023/688523_航天环宇_2023-05-30.pdf,2023
天键股份,301383,创业板,301383_天键股份_2023-06-02.pdf,522,2023-06-02,6.73,/Users/chenyuang/Desktop/巨潮网资料/2023/301383_天键股份_2023-06-02.pdf,2023
南芯科技,688484,科创板,688484_南芯科技_2023-03-30.pdf,401,2023-03-30,5.96,/Users/chenyuang/Desktop/巨潮网资料/2023/688484_南芯科技_2023-03-30.pdf,2023
鼎龙科技,603004,沪主板,603004_鼎龙科技_2023-12-22.pdf,503,2023-12-22,5.64,/Users/chenyuang/Desktop/巨潮网资料/2023/603004_鼎龙科技_2023-12-22.pdf,2023
森泰股份,301429,创业板,301429_森泰股份_2023-04-12.pdf,445,2023-04-12,6.03,/Users/chenyuang/Desktop/巨潮网资料/2023/301429_森泰股份_2023-04-12.pdf,2023
宝地矿业,601121,沪主板,601121_宝地矿业_2023-02-24.pdf,136,2023-02-24,2.91,/Users/chenyuang/Desktop/巨潮网资料/2023/601121_宝地矿业_2023-02-24.pdf,2023
中科磁业,301141,创业板,301141_中科磁业_2023-03-29.pdf,519,2023-03-29,10.21,/Users/chenyuang/Desktop/巨潮网资料/2023/301141_中科磁业_2023-03-29.pdf,2023
四川黄金,001337,深主板,001337_四川黄金_2023-02-21.pdf,531,2023-02-21,11.06,/Users/chenyuang/Desktop/巨潮网资料/2023/001337_四川黄金_2023-02-21.pdf,2023
宏盛华源,601096,沪主板,601096_宏盛华源_2023-12-19.pdf,576,2023-12-19,13.53,/Users/chenyuang/Desktop/巨潮网资料/2023/601096_宏盛华源_2023-12-19.pdf,2023
金海通,603061,沪主板,603061_金海通_2023-02-16.pdf,1452,2023-02-16,38.33,/Users/chenyuang/Desktop/巨潮网资料/2023/603061_金海通_2023-02-16.pdf,2023
中控技术,688777,科创板,688777_中控技术_2023-04-12.pdf,1,2023-04-12,0.41,/Users/chenyuang/Desktop/巨潮网资料/2023/688777_中控技术_2023-04-12.pdf,2023
九州一轨,688485,科创板,688485_九州一轨_2023-01-13.pdf,508,2023-01-13,9.22,/Users/chenyuang/Desktop/巨潮网资料/2023/688485_九州一轨_2023-01-13.pdf,2023
鑫宏业,301310,创业板,301310_鑫宏业_2023-05-30.pdf,422,2023-05-30,9.6,/Users/chenyuang/Desktop/巨潮网资料/2023/301310_鑫宏业_2023-05-30.pdf,2023
中重科技,603135,沪主板,603135_中重科技_2023-03-31.pdf,433,2023-03-31,9.96,/Users/chenyuang/Desktop/巨潮网资料/2023/603135_中重科技_2023-03-31.pdf,2023
港通医疗,301515,创业板,301515_港通医疗_2023-07-17.pdf,476,2023-07-17,6.7,/Users/chenyuang/Desktop/巨潮网资料/2023/301515_港通医疗_2023-07-17.pdf,2023
精智达,688627,科创板,688627_精智达_2023-07-13.pdf,374,2023-07-13,5.17,/Users/chenyuang/Desktop/巨潮网资料/2023/688627_精智达_2023-07-13.pdf,2023
辰奕智能,301578,创业板,301578_辰奕智能_2023-12-25.pdf,357,2023-12-25,7.76,/Users/chenyuang/Desktop/巨潮网资料/2023/301578_辰奕智能_2023-12-25.pdf,2023
茂莱光学,688502,科创板,688502_茂莱光学_2023-03-02.pdf,406,2023-03-02,5.98,/Users/chenyuang/Desktop/巨潮网资料/2023/688502_茂莱光学_2023-03-02.pdf,2023
多浦乐,301528,创业板,301528_多浦乐_2023-08-21.pdf,324,2023-08-21,6.19,/Users/chenyuang/Desktop/巨潮网资料/2023/301528_多浦乐_2023-08-21.pdf,2023
协昌科技,301418,创业板,301418_协昌科技_2023-08-14.pdf,576,2023-08-14,23.01,/Users/chenyuang/Desktop/巨潮网资料/2023/301418_协昌科技_2023-08-14.pdf,2023
国泰环保,301203,创业板,301203_国泰环保_2023-03-30.pdf,391,2023-03-30,10.86,/Users/chenyuang/Desktop/巨潮网资料/2023/301203_国泰环保_2023-03-30.pdf,2023
蓝箭电子,301348,创业板,301348_蓝箭电子_2023-08-03.pdf,432,2023-08-03,10.76,/Users/chenyuang/Desktop/巨潮网资料/2023/301348_蓝箭电子_2023-08-03.pdf,2023
云天励飞,688343,科创板,688343_云天励飞_2023-03-30.pdf,603,2023-03-30,8.87,/Users/chenyuang/Desktop/巨潮网资料/2023/688343_云天励飞_2023-03-30.pdf,2023
君逸数码,301172,创业板,301172_君逸数码_2023-07-21.pdf,468,2023-07-21,18.53,/Users/chenyuang/Desktop/巨潮网资料/2023/301172_君逸数码_2023-07-21.pdf,2023
亚华电子,301337,创业板,301337_亚华电子_2023-05-18.pdf,357,2023-05-18,5.64,/Users/chenyuang/Desktop/巨潮网资料/2023/301337_亚华电子_2023-05-18.pdf,2023
威尔高,301251,创业板,301251_威尔高_2023-09-01.pdf,359,2023-09-01,7.77,/Users/chenyuang/Desktop/巨潮网资料/2023/301251_威尔高_2023-09-01.pdf,2023
阿特斯,688472,科创板,688472_阿特斯_2023-06-06.pdf,823,2023-06-06,10.14,/Users/chenyuang/Desktop/巨潮网资料/2023/688472_阿特斯_2023-06-06.pdf,2023
英特科技,301399,创业板,301399_英特科技_2023-05-18.pdf,349,2023-05-18,8.79,/Users/chenyuang/Desktop/巨潮网资料/2023/301399_英特科技_2023-05-18.pdf,2023
艾罗能源,688717,科创板,688717_艾罗能源_2023-12-28.pdf,457,2023-12-28,7.64,/Users/chenyuang/Desktop/巨潮网资料/2023/688717_艾罗能源_2023-12-28.pdf,2023
柏诚股份,601133,沪主板,601133_柏诚股份_2023-04-04.pdf,513,2023-04-04,8.84,/Users/chenyuang/Desktop/巨潮网资料/2023/601133_柏诚股份_2023-04-04.pdf,2023
新相微,688593,科创板,688593_新相微_2023-05-29.pdf,388,2023-05-29,7.58,/Users/chenyuang/Desktop/巨潮网资料/2023/688593_新相微_2023-05-29.pdf,2023
中巨芯,688549,科创板,688549_中巨芯_2023-09-01.pdf,436,2023-09-01,6.41,/Users/chenyuang/Desktop/巨潮网资料/2023/688549_中巨芯_2023-09-01.pdf,2023
恒兴新材,603276,沪主板,603276_恒兴新材_2023-09-20.pdf,391,2023-09-20,5.45,/Users/chenyuang/Desktop/巨潮网资料/2023/603276_恒兴新材_2023-09-20.pdf,2023
海森药业,001367,深主板,001367_海森药业_2023-04-03.pdf,397,2023-04-03,9.28,/Users/chenyuang/Desktop/巨潮网资料/2023/001367_海森药业_2023-04-03.pdf,2023
星源材质,300568,创业板,300568_星源材质_2023-12-12.pdf,1,2023-12-12,0.15,/Users/chenyuang/Desktop/巨潮网资料/2023/300568_星源材质_2023-12-12.pdf,2023
长青科技,001324,深主板,001324_长青科技_2023-05-16.pdf,391,2023-05-16,5.25,/Users/chenyuang/Desktop/巨潮网资料/2023/001324_长青科技_2023-05-16.pdf,2023
未来电器,301386,创业板,301386_未来电器_2023-03-23.pdf,420,2023-03-23,5.67,/Users/chenyuang/Desktop/巨潮网资料/2023/301386_未来电器_2023-03-23.pdf,2023
播恩集团,001366,深主板,001366_播恩集团_2023-02-21.pdf,638,2023-02-21,14.27,/Users/chenyuang/Desktop/巨潮网资料/2023/001366_播恩集团_2023-02-21.pdf,2023
飞沃科技,301232,创业板,301232_飞沃科技_2023-06-12.pdf,703,2023-06-12,7.56,/Users/chenyuang/Desktop/巨潮网资料/2023/301232_飞沃科技_2023-06-12.pdf,2023
英方软件,688435,科创板,688435_英方软件_2023-01-16.pdf,432,2023-01-16,9.27,/Users/chenyuang/Desktop/巨潮网资料/2023/688435_英方软件_2023-01-16.pdf,2023
长华化学,301518,创业板,301518_长华化学_2023-07-28.pdf,476,2023-07-28,11.63,/Users/chenyuang/Desktop/巨潮网资料/2023/301518_长华化学_2023-07-28.pdf,2023
众辰科技,603275,沪主板,603275_众辰科技_2023-08-18.pdf,415,2023-08-18,4.56,/Users/chenyuang/Desktop/巨潮网资料/2023/603275_众辰科技_2023-08-18.pdf,2023
逸飞激光,688646,科创板,688646_逸飞激光_2023-07-25.pdf,410,2023-07-25,10.04,/Users/chenyuang/Desktop/巨潮网资料/2023/688646_逸飞激光_2023-07-25.pdf,2023
安培龙,301413,创业板,301413_安培龙_2023-12-13.pdf,395,2023-12-13,5.35,/Users/chenyuang/Desktop/巨潮网资料/2023/301413_安培龙_2023-12-13.pdf,2023
格力博,301260,创业板,301260_格力博_2023-01-31.pdf,814,2023-01-31,39.9,/Users/chenyuang/Desktop/巨潮网资料/2023/301260_格力博_2023-01-31.pdf,2023
固高科技,301510,创业板,301510_固高科技_2023-08-08.pdf,389,2023-08-08,11.84,/Users/chenyuang/Desktop/巨潮网资料/2023/301510_固高科技_2023-08-08.pdf,2023
民生健康,301507,创业板,301507_民生健康_2023-08-28.pdf,380,2023-08-28,10.51,/Users/chenyuang/Desktop/巨潮网资料/2023/301507_民生健康_2023-08-28.pdf,2023
海看股份,301262,创业板,301262_海看股份_2023-06-15.pdf,613,2023-06-15,8.32,/Users/chenyuang/Desktop/巨潮网资料/2023/301262_海看股份_2023-06-15.pdf,2023
泓淋电力,301439,创业板,301439_泓淋电力_2023-03-14.pdf,759,2023-03-14,13.69,/Users/chenyuang/Desktop/巨潮网资料/2023/301439_泓淋电力_2023-03-14.pdf,2023
朗坤环境,301305,创业板,301305_朗坤环境_2023-05-17.pdf,670,2023-05-17,11.4,/Users/chenyuang/Desktop/巨潮网资料/2023/301305_朗坤环境_2023-05-17.pdf,2023
一彬科技,001278,深主板,001278_一彬科技_2023-02-20.pdf,622,2023-02-20,7.0,/Users/chenyuang/Desktop/巨潮网资料/2023/001278_一彬科技_2023-02-20.pdf,2023
美芯晟,688458,科创板,688458_美芯晟_2023-05-17.pdf,392,2023-05-17,9.99,/Users/chenyuang/Desktop/巨潮网资料/2023/688458_美芯晟_2023-05-17.pdf,2023
绿通科技,301322,创业板,301322_绿通科技_2023-03-01.pdf,341,2023-03-01,8.76,/Users/chenyuang/Desktop/巨潮网资料/2023/301322_绿通科技_2023-03-01.pdf,2023
博实结,301608,创业板,301608_博实结_2024-07-29.pdf,397,2024-07-29,8.73,/Users/chenyuang/Desktop/巨潮网资料/2024/301608_博实结_2024-07-29.pdf,2024
成都华微,688709,科创板,688709_成都华微_2024-02-02.pdf,402,2024-02-02,10.51,/Users/chenyuang/Desktop/巨潮网资料/2024/688709_成都华微_2024-02-02.pdf,2024
永兴股份,601033,沪主板,601033_永兴股份_2024-01-15.pdf,868,2024-01-15,11.3,/Users/chenyuang/Desktop/巨潮网资料/2024/601033_永兴股份_2024-01-15.pdf,2024
太湖远大,920118,北交所,920118_太湖远大_2024-08-09.pdf,336,2024-08-09,5.21,/Users/chenyuang/Desktop/巨潮网资料/2024/920118_太湖远大_2024-08-09.pdf,2024
小方制药,603207,沪主板,603207_小方制药_2024-08-21.pdf,404,2024-08-21,16.21,/Users/chenyuang/Desktop/巨潮网资料/2024/603207_小方制药_2024-08-21.pdf,2024
骏鼎达,301538,创业板,301538_骏鼎达_2024-03-15.pdf,351,2024-03-15,10.47,/Users/chenyuang/Desktop/巨潮网资料/2024/301538_骏鼎达_2024-03-15.pdf,2024
慧翰股份,301600,创业板,301600_慧翰股份_2024-08-29.pdf,364,2024-08-29,8.0,/Users/chenyuang/Desktop/巨潮网资料/2024/301600_慧翰股份_2024-08-29.pdf,2024
龙图光罩,688721,科创板,688721_龙图光罩_2024-08-01.pdf,305,2024-08-01,6.02,/Users/chenyuang/Desktop/巨潮网资料/2024/688721_龙图光罩_2024-08-01.pdf,2024
博隆技术,603325,沪主板,603325_博隆技术_2024-01-05.pdf,428,2024-01-05,7.72,/Users/chenyuang/Desktop/巨潮网资料/2024/603325_博隆技术_2024-01-05.pdf,2024
中创股份,688695,科创板,688695_中创股份_2024-03-08.pdf,378,2024-03-08,8.04,/Users/chenyuang/Desktop/巨潮网资料/2024/688695_中创股份_2024-03-08.pdf,2024
苏州天脉,301626,创业板,301626_苏州天脉_2024-10-21.pdf,416,2024-10-21,8.08,/Users/chenyuang/Desktop/巨潮网资料/2024/301626_苏州天脉_2024-10-21.pdf,2024
众鑫股份,603091,沪主板,603091_众鑫股份_2024-09-12.pdf,478,2024-09-12,6.34,/Users/chenyuang/Desktop/巨潮网资料/2024/603091_众鑫股份_2024-09-12.pdf,2024
富特科技,301607,创业板,301607_富特科技_2024-08-30.pdf,395,2024-08-30,13.27,/Users/chenyuang/Desktop/巨潮网资料/2024/301607_富特科技_2024-08-30.pdf,2024
美信科技,301577,创业板,301577_美信科技_2024-01-11.pdf,369,2024-01-11,6.66,/Users/chenyuang/Desktop/巨潮网资料/2024/301577_美信科技_2024-01-11.pdf,2024
爱迪特,301580,创业板,301580_爱迪特_2024-06-21.pdf,492,2024-06-21,13.54,/Users/chenyuang/Desktop/巨潮网资料/2024/301580_爱迪特_2024-06-21.pdf,2024
绿联科技,301606,创业板,301606_绿联科技_2024-07-19.pdf,573,2024-07-19,8.54,/Users/chenyuang/Desktop/巨潮网资料/2024/301606_绿联科技_2024-07-19.pdf,2024
星宸科技,301536,创业板,301536_星宸科技_2024-03-22.pdf,418,2024-03-22,11.74,/Users/chenyuang/Desktop/巨潮网资料/2024/301536_星宸科技_2024-03-22.pdf,2024
西典新能,603312,沪主板,603312_西典新能_2024-01-08.pdf,331,2024-01-08,8.66,/Users/chenyuang/Desktop/巨潮网资料/2024/603312_西典新能_2024-01-08.pdf,2024
巍华新材,603310,沪主板,603310_巍华新材_2024-08-09.pdf,500,2024-08-09,8.38,/Users/chenyuang/Desktop/巨潮网资料/2024/603310_巍华新材_2024-08-09.pdf,2024
港迪技术,301633,创业板,301633_港迪技术_2024-10-23.pdf,449,2024-10-23,9.75,/Users/chenyuang/Desktop/巨潮网资料/2024/301633_港迪技术_2024-10-23.pdf,2024
键邦股份,603285,沪主板,603285_键邦股份_2024-07-02.pdf,383,2024-07-02,7.14,/Users/chenyuang/Desktop/巨潮网资料/2024/603285_键邦股份_2024-07-02.pdf,2024
长联科技,301618,创业板,301618_长联科技_2024-09-13.pdf,412,2024-09-13,9.27,/Users/chenyuang/Desktop/巨潮网资料/2024/301618_长联科技_2024-09-13.pdf,2024
北自科技,603082,沪主板,603082_北自科技_2024-01-25.pdf,458,2024-01-25,10.29,/Users/chenyuang/Desktop/巨潮网资料/2024/603082_北自科技_2024-01-25.pdf,2024
永臻股份,603381,沪主板,603381_永臻股份_2024-06-21.pdf,398,2024-06-21,6.82,/Users/chenyuang/Desktop/巨潮网资料/2024/603381_永臻股份_2024-06-21.pdf,2024
中仑新材,301565,创业板,301565_中仑新材_2024-06-17.pdf,445,2024-06-17,6.51,/Users/chenyuang/Desktop/巨潮网资料/2024/301565_中仑新材_2024-06-17.pdf,2024
珂玛科技,301611,创业板,301611_珂玛科技_2024-08-09.pdf,456,2024-08-09,9.3,/Users/chenyuang/Desktop/巨潮网资料/2024/301611_珂玛科技_2024-08-09.pdf,2024
无线传媒,301551,创业板,301551_无线传媒_2024-09-23.pdf,381,2024-09-23,8.47,/Users/chenyuang/Desktop/巨潮网资料/2024/301551_无线传媒_2024-09-23.pdf,2024
成电光信,920008,北交所,920008_成电光信_2024-08-16.pdf,300,2024-08-16,5.66,/Users/chenyuang/Desktop/巨潮网资料/2024/920008_成电光信_2024-08-16.pdf,2024
盛景微,603375,沪主板,603375_盛景微_2024-01-19.pdf,417,2024-01-19,5.99,/Users/chenyuang/Desktop/巨潮网资料/2024/603375_盛景微_2024-01-19.pdf,2024
平安电工,001359,深主板,001359_平安电工_2024-03-21.pdf,350,2024-03-21,8.72,/Users/chenyuang/Desktop/巨潮网资料/2024/001359_平安电工_2024-03-21.pdf,2024
科力装备,301552,创业板,301552_科力装备_2024-07-17.pdf,360,2024-07-17,5.12,/Users/chenyuang/Desktop/巨潮网资料/2024/301552_科力装备_2024-07-17.pdf,2024
雪祺电气,001387,深主板,001387_雪祺电气_2024-01-08.pdf,432,2024-01-08,5.77,/Users/chenyuang/Desktop/巨潮网资料/2024/001387_雪祺电气_2024-01-08.pdf,2024
强邦新材,001279,深主板,001279_强邦新材_2024-10-08.pdf,345,2024-10-08,12.36,/Users/chenyuang/Desktop/巨潮网资料/2024/001279_强邦新材_2024-10-08.pdf,2024
合合信息,688615,科创板,688615_合合信息_2024-09-23.pdf,522,2024-09-23,8.74,/Users/chenyuang/Desktop/巨潮网资料/2024/688615_合合信息_2024-09-23.pdf,2024
佳力奇,301586,创业板,301586_佳力奇_2024-08-23.pdf,435,2024-08-23,9.46,/Users/chenyuang/Desktop/巨潮网资料/2024/301586_佳力奇_2024-08-23.pdf,2024
达梦数据,688692,科创板,688692_达梦数据_2024-06-06.pdf,534,2024-06-06,4.62,/Users/chenyuang/Desktop/巨潮网资料/2024/688692_达梦数据_2024-06-06.pdf,2024
诺瓦星云,301589,创业板,301589_诺瓦星云_2024-02-05.pdf,479,2024-02-05,7.45,/Users/chenyuang/Desktop/巨潮网资料/2024/301589_诺瓦星云_2024-02-05.pdf,2024
拉普拉斯,688726,科创板,688726_拉普拉斯_2024-10-24.pdf,520,2024-10-24,11.86,/Users/chenyuang/Desktop/巨潮网资料/2024/688726_拉普拉斯_2024-10-24.pdf,2024
益诺思,688710,科创板,688710_益诺思_2024-08-29.pdf,465,2024-08-29,7.88,/Users/chenyuang/Desktop/巨潮网资料/2024/688710_益诺思_2024-08-29.pdf,2024
龙旗科技,603341,沪主板,603341_龙旗科技_2024-02-27.pdf,520,2024-02-27,8.24,/Users/chenyuang/Desktop/巨潮网资料/2024/603341_龙旗科技_2024-02-27.pdf,2024
肯特股份,301591,创业板,301591_肯特股份_2024-02-22.pdf,406,2024-02-22,10.0,/Users/chenyuang/Desktop/巨潮网资料/2024/301591_肯特股份_2024-02-22.pdf,2024
广合科技,001389,深主板,001389_广合科技_2024-03-28.pdf,441,2024-03-28,9.65,/Users/chenyuang/Desktop/巨潮网资料/2024/001389_广合科技_2024-03-28.pdf,2024
六九一二,301592,创业板,301592_六九一二_2024-10-09.pdf,450,2024-10-09,9.46,/Users/chenyuang/Desktop/巨潮网资料/2024/301592_六九一二_2024-10-09.pdf,2024
中瑞股份,301587,创业板,301587_中瑞股份_2024-03-29.pdf,296,2024-03-29,6.85,/Users/chenyuang/Desktop/巨潮网资料/2024/301587_中瑞股份_2024-03-29.pdf,2024
腾达科技,001379,深主板,001379_腾达科技_2024-01-15.pdf,417,2024-01-15,5.23,/Users/chenyuang/Desktop/巨潮网资料/2024/001379_腾达科技_2024-01-15.pdf,2024
强达电路,301628,创业板,301628_强达电路_2024-10-17.pdf,426,2024-10-17,10.18,/Users/chenyuang/Desktop/巨潮网资料/2024/301628_强达电路_2024-10-17.pdf,2024
速达股份,001277,深主板,001277_速达股份_2024-08-21.pdf,454,2024-08-21,7.13,/Users/chenyuang/Desktop/巨潮网资料/2024/001277_速达股份_2024-08-21.pdf,2024
国科天成,301571,创业板,301571_国科天成_2024-08-16.pdf,338,2024-08-16,8.29,/Users/chenyuang/Desktop/巨潮网资料/2024/301571_国科天成_2024-08-16.pdf,2024
力聚热能,603391,沪主板,603391_力聚热能_2024-07-26.pdf,455,2024-07-26,10.22,/Users/chenyuang/Desktop/巨潮网资料/2024/603391_力聚热能_2024-07-26.pdf,2024
星德胜,603344,沪主板,603344_星德胜_2024-03-15.pdf,390,2024-03-15,5.46,/Users/chenyuang/Desktop/巨潮网资料/2024/603344_星德胜_2024-03-15.pdf,2024
汇成真空,301392,创业板,301392_汇成真空_2024-05-30.pdf,426,2024-05-30,8.95,/Users/chenyuang/Desktop/巨潮网资料/2024/301392_汇成真空_2024-05-30.pdf,2024
瑞华技术,920099,北交所,920099_瑞华技术_2024-09-06.pdf,382,2024-09-06,6.17,/Users/chenyuang/Desktop/巨潮网资料/2024/920099_瑞华技术_2024-09-06.pdf,2024
新铝时代,301613,创业板,301613_新铝时代_2024-10-22.pdf,418,2024-10-22,6.09,/Users/chenyuang/Desktop/巨潮网资料/2024/301613_新铝时代_2024-10-22.pdf,2024
安乃达,603350,沪主板,603350_安乃达_2024-06-28.pdf,445,2024-06-28,8.55,/Users/chenyuang/Desktop/巨潮网资料/2024/603350_安乃达_2024-06-28.pdf,2024
上大股份,301522,创业板,301522_上大股份_2024-10-11.pdf,452,2024-10-11,6.68,/Users/chenyuang/Desktop/巨潮网资料/2024/301522_上大股份_2024-10-11.pdf,2024
上海合晶,688584,科创板,688584_上海合晶_2024-02-05.pdf,345,2024-02-05,7.33,/Users/chenyuang/Desktop/巨潮网资料/2024/688584_上海合晶_2024-02-05.pdf,2024
贝隆精密,301567,创业板,301567_贝隆精密_2024-01-03.pdf,317,2024-01-03,3.93,/Users/chenyuang/Desktop/巨潮网资料/2024/301567_贝隆精密_2024-01-03.pdf,2024
利安科技,300784,创业板,300784_利安科技_2024-05-24.pdf,426,2024-05-24,6.16,/Users/chenyuang/Desktop/巨潮网资料/2024/300784_利安科技_2024-05-24.pdf,2024
华阳智能,301502,创业板,301502_华阳智能_2024-01-30.pdf,325,2024-01-30,8.45,/Users/chenyuang/Desktop/巨潮网资料/2024/301502_华阳智能_2024-01-30.pdf,2024
乔锋智能,301603,创业板,301603_乔锋智能_2024-07-05.pdf,394,2024-07-05,5.65,/Users/chenyuang/Desktop/巨潮网资料/2024/301603_乔锋智能_2024-07-05.pdf,2024
托普云农,301556,创业板,301556_托普云农_2024-10-14.pdf,364,2024-10-14,10.22,/Users/chenyuang/Desktop/巨潮网资料/2024/301556_托普云农_2024-10-14.pdf,2024
美新科技,301588,创业板,301588_美新科技_2024-03-08.pdf,481,2024-03-08,9.75,/Users/chenyuang/Desktop/巨潮网资料/2024/301588_美新科技_2024-03-08.pdf,2024
毓恬冠佳,301173,创业板,301173_毓恬冠佳_2025-02-26.pdf,394,2025-02-26,8.36,/Users/chenyuang/Desktop/巨潮网资料/2025/301173_毓恬冠佳_2025-02-26.pdf,2025
常友科技,301557,创业板,301557_常友科技_2025-02-14.pdf,418,2025-02-14,11.21,/Users/chenyuang/Desktop/巨潮网资料/2025/301557_常友科技_2025-02-14.pdf,2025
恒鑫生活,301501,创业板,301501_恒鑫生活_2025-03-13.pdf,361,2025-03-13,17.5,/Users/chenyuang/Desktop/巨潮网资料/2025/301501_恒鑫生活_2025-03-13.pdf,2025
矽电股份,301629,创业板,301629_矽电股份_2025-03-07.pdf,384,2025-03-07,6.27,/Users/chenyuang/Desktop/巨潮网资料/2025/301629_矽电股份_2025-03-07.pdf,2025
泰鸿万立,603210,沪主板,603210_泰鸿万立_2025-04-03.pdf,384,2025-04-03,9.47,/Users/chenyuang/Desktop/巨潮网资料/2025/603210_泰鸿万立_2025-04-03.pdf,2025
胜科纳米,688757,科创板,688757_胜科纳米_2025-03-20.pdf,465,2025-03-20,6.64,/Users/chenyuang/Desktop/巨潮网资料/2025/688757_胜科纳米_2025-03-20.pdf,2025
技源集团,603262,沪主板,603262_技源集团_2025-07-18.pdf,392,2025-07-18,10.08,/Users/chenyuang/Desktop/巨潮网资料/2025/603262_技源集团_2025-07-18.pdf,2025
优迅股份,688807,科创板,688807_优迅股份_2025-12-12.pdf,383,2025-12-12,5.56,/Users/chenyuang/Desktop/巨潮网资料/2025/688807_优迅股份_2025-12-12.pdf,2025
亚联机械,001395,深主板,001395_亚联机械_2025-01-22.pdf,372,2025-01-22,9.06,/Users/chenyuang/Desktop/巨潮网资料/2025/001395_亚联机械_2025-01-22.pdf,2025
蘅东光,920045,北交所,920045_蘅东光_2025-12-19.pdf,410,2025-12-19,7.03,/Users/chenyuang/Desktop/巨潮网资料/2025/920045_蘅东光_2025-12-19.pdf,2025
丰倍生物,603334,沪主板,603334_丰倍生物_2025-10-31.pdf,341,2025-10-31,5.64,/Users/chenyuang/Desktop/巨潮网资料/2025/603334_丰倍生物_2025-10-31.pdf,2025
南网数字,301638,创业板,301638_南网数字_2025-11-13.pdf,746,2025-11-13,8.85,/Users/chenyuang/Desktop/巨潮网资料/2025/301638_南网数字_2025-11-13.pdf,2025
威高血净,603014,沪主板,603014_威高血净_2025-05-14.pdf,432,2025-05-14,10.32,/Users/chenyuang/Desktop/巨潮网资料/2025/603014_威高血净_2025-05-14.pdf,2025
海安集团,001233,深主板,001233_海安集团_2025-11-20.pdf,413,2025-11-20,7.41,/Users/chenyuang/Desktop/巨潮网资料/2025/001233_海安集团_2025-11-20.pdf,2025
泰禾股份,301665,创业板,301665_泰禾股份_2025-04-07.pdf,679,2025-04-07,9.65,/Users/chenyuang/Desktop/巨潮网资料/2025/301665_泰禾股份_2025-04-07.pdf,2025
肯特催化,603120,沪主板,603120_肯特催化_2025-04-11.pdf,455,2025-04-11,10.07,/Users/chenyuang/Desktop/巨潮网资料/2025/603120_肯特催化_2025-04-11.pdf,2025
信通电子,001388,深主板,001388_信通电子_2025-06-26.pdf,543,2025-06-26,9.87,/Users/chenyuang/Desktop/巨潮网资料/2025/001388_信通电子_2025-06-26.pdf,2025
广信科技,920037,北交所,920037_广信科技_2025-06-24.pdf,4,2025-06-24,0.22,/Users/chenyuang/Desktop/巨潮网资料/2025/920037_广信科技_2025-06-24.pdf,2025
鼎佳精密,920005,北交所,920005_鼎佳精密_2025-07-18.pdf,374,2025-07-18,7.77,/Users/chenyuang/Desktop/巨潮网资料/2025/920005_鼎佳精密_2025-07-18.pdf,2025
江天科技,920121,北交所,920121_江天科技_2025-12-12.pdf,326,2025-12-12,6.42,/Users/chenyuang/Desktop/巨潮网资料/2025/920121_江天科技_2025-12-12.pdf,2025
沐曦股份,688802,科创板,688802_沐曦股份_2025-12-11.pdf,523,2025-12-11,10.13,/Users/chenyuang/Desktop/巨潮网资料/2025/688802_沐曦股份_2025-12-11.pdf,2025
誉帆科技,001396,深主板,001396_誉帆科技_2025-12-25.pdf,427,2025-12-25,8.48,/Users/chenyuang/Desktop/巨潮网资料/2025/001396_誉帆科技_2025-12-25.pdf,2025
江顺科技,001400,深主板,001400_江顺科技_2025-04-11.pdf,381,2025-04-11,4.78,/Users/chenyuang/Desktop/巨潮网资料/2025/001400_江顺科技_2025-04-11.pdf,2025
海博思创,688411,科创板,688411_海博思创_2025-01-22.pdf,579,2025-01-22,11.91,/Users/chenyuang/Desktop/巨潮网资料/2025/688411_海博思创_2025-01-22.pdf,2025
新恒汇,301678,创业板,301678_新恒汇_2025-06-17.pdf,421,2025-06-17,9.22,/Users/chenyuang/Desktop/巨潮网资料/2025/301678_新恒汇_2025-06-17.pdf,2025
陕西旅游,603402,沪主板,603402_陕西旅游_2025-12-18.pdf,885,2025-12-18,55.91,/Users/chenyuang/Desktop/巨潮网资料/2025/603402_陕西旅游_2025-12-18.pdf,2025
山大电力,301609,创业板,301609_山大电力_2025-07-18.pdf,453,2025-07-18,9.13,/Users/chenyuang/Desktop/巨潮网资料/2025/301609_山大电力_2025-07-18.pdf,2025
思看科技,688583,科创板,688583_思看科技_2025-01-10.pdf,520,2025-01-10,12.74,/Users/chenyuang/Desktop/巨潮网资料/2025/688583_思看科技_2025-01-10.pdf,2025
百奥赛图,688796,科创板,688796_百奥赛图_2025-12-04.pdf,600,2025-12-04,9.98,/Users/chenyuang/Desktop/巨潮网资料/2025/688796_百奥赛图_2025-12-04.pdf,2025
华之杰,603400,沪主板,603400_华之杰_2025-06-16.pdf,447,2025-06-16,6.96,/Users/chenyuang/Desktop/巨潮网资料/2025/603400_华之杰_2025-06-16.pdf,2025
天有为,603202,沪主板,603202_天有为_2025-04-18.pdf,410,2025-04-18,6.2,/Users/chenyuang/Desktop/巨潮网资料/2025/603202_天有为_2025-04-18.pdf,2025
浙江华业,301616,创业板,301616_浙江华业_2025-03-13.pdf,323,2025-03-13,7.02,/Users/chenyuang/Desktop/巨潮网资料/2025/301616_浙江华业_2025-03-13.pdf,2025
汇通控股,603409,沪主板,603409_汇通控股_2025-02-27.pdf,388,2025-02-27,8.21,/Users/chenyuang/Desktop/巨潮网资料/2025/603409_汇通控股_2025-02-27.pdf,2025
华电新能,600930,沪主板,600930_华电新能_2025-07-11.pdf,1272,2025-07-11,15.16,/Users/chenyuang/Desktop/巨潮网资料/2025/600930_华电新能_2025-07-11.pdf,2025
中诚咨询,920003,北交所,920003_中诚咨询_2025-10-24.pdf,416,2025-10-24,8.13,/Users/chenyuang/Desktop/巨潮网资料/2025/920003_中诚咨询_2025-10-24.pdf,2025
弘景光电,301479,创业板,301479_弘景光电_2025-03-10.pdf,421,2025-03-10,6.14,/Users/chenyuang/Desktop/巨潮网资料/2025/301479_弘景光电_2025-03-10.pdf,2025
天溯计量,301449,创业板,301449_天溯计量_2025-12-18.pdf,481,2025-12-18,5.14,/Users/chenyuang/Desktop/巨潮网资料/2025/301449_天溯计量_2025-12-18.pdf,2025
恒坤新材,688727,科创板,688727_恒坤新材_2025-11-13.pdf,403,2025-11-13,7.22,/Users/chenyuang/Desktop/巨潮网资料/2025/688727_恒坤新材_2025-11-13.pdf,2025
昂瑞微,688790,科创板,688790_昂瑞微_2025-12-11.pdf,496,2025-12-11,15.46,/Users/chenyuang/Desktop/巨潮网资料/2025/688790_昂瑞微_2025-12-11.pdf,2025
双欣环保,001369,深主板,001369_双欣环保_2025-12-25.pdf,510,2025-12-25,6.92,/Users/chenyuang/Desktop/巨潮网资料/2025/001369_双欣环保_2025-12-25.pdf,2025
优优绿能,301590,创业板,301590_优优绿能_2025-05-30.pdf,449,2025-05-30,6.39,/Users/chenyuang/Desktop/巨潮网资料/2025/301590_优优绿能_2025-05-30.pdf,2025
古麒绒材,001390,深主板,001390_古麒绒材_2025-05-23.pdf,347,2025-05-23,7.99,/Users/chenyuang/Desktop/巨潮网资料/2025/001390_古麒绒材_2025-05-23.pdf,2025
大明电子,603376,沪主板,603376_大明电子_2025-10-30.pdf,382,2025-10-30,5.81,/Users/chenyuang/Desktop/巨潮网资料/2025/603376_大明电子_2025-10-30.pdf,2025
同宇新材,301630,创业板,301630_同宇新材_2025-06-27.pdf,333,2025-06-27,6.34,/Users/chenyuang/Desktop/巨潮网资料/2025/301630_同宇新材_2025-06-27.pdf,2025
北矿检测,920160,北交所,920160_北矿检测_2025-10-30.pdf,298,2025-10-30,5.12,/Users/chenyuang/Desktop/巨潮网资料/2025/920160_北矿检测_2025-10-30.pdf,2025
摩尔线程,688795,科创板,688795_摩尔线程_2025-11-28.pdf,466,2025-11-28,12.11,/Users/chenyuang/Desktop/巨潮网资料/2025/688795_摩尔线程_2025-11-28.pdf,2025
新广益,301687,创业板,301687_新广益_2025-12-26.pdf,362,2025-12-26,8.08,/Users/chenyuang/Desktop/巨潮网资料/2025/301687_新广益_2025-12-26.pdf,2025
酉立智能,920007,北交所,920007_酉立智能_2025-07-25.pdf,384,2025-07-25,5.41,/Users/chenyuang/Desktop/巨潮网资料/2025/920007_酉立智能_2025-07-25.pdf,2025
新亚电缆,001382,深主板,001382_新亚电缆_2025-03-17.pdf,393,2025-03-17,5.43,/Users/chenyuang/Desktop/巨潮网资料/2025/001382_新亚电缆_2025-03-17.pdf,2025
科马材料,920086,北交所,920086_科马材料_2025-12-31.pdf,361,2025-12-31,8.48,/Users/chenyuang/Desktop/巨潮网资料/2025/920086_科马材料_2025-12-31.pdf,2025
屹唐股份,688729,科创板,688729_屹唐股份_2025-07-03.pdf,343,2025-07-03,9.29,/Users/chenyuang/Desktop/巨潮网资料/2025/688729_屹唐股份_2025-07-03.pdf,2025
影石创新,688775,科创板,688775_影石创新_2025-06-06.pdf,555,2025-06-06,9.58,/Users/chenyuang/Desktop/巨潮网资料/2025/688775_影石创新_2025-06-06.pdf,2025
泽润新能,301636,创业板,301636_泽润新能_2025-05-07.pdf,396,2025-05-07,4.84,/Users/chenyuang/Desktop/巨潮网资料/2025/301636_泽润新能_2025-05-07.pdf,2025
元创股份,001325,深主板,001325_元创股份_2025-12-05.pdf,369,2025-12-05,5.13,/Users/chenyuang/Desktop/巨潮网资料/2025/001325_元创股份_2025-12-05.pdf,2025
南特科技,920124,北交所,920124_南特科技_2025-11-07.pdf,332,2025-11-07,5.46,/Users/chenyuang/Desktop/巨潮网资料/2025/920124_南特科技_2025-11-07.pdf,2025
兴福电子,688545,科创板,688545_兴福电子_2025-01-17.pdf,503,2025-01-17,6.49,/Users/chenyuang/Desktop/巨潮网资料/2025/688545_兴福电子_2025-01-17.pdf,2025
强一股份,688809,科创板,688809_强一股份_2025-12-25.pdf,385,2025-12-25,5.35,/Users/chenyuang/Desktop/巨潮网资料/2025/688809_强一股份_2025-12-25.pdf,2025
汉朔科技,301275,创业板,301275_汉朔科技_2025-03-06.pdf,465,2025-03-06,6.16,/Users/chenyuang/Desktop/巨潮网资料/2025/301275_汉朔科技_2025-03-06.pdf,2025
悍高集团,001221,深主板,001221_悍高集团_2025-07-25.pdf,565,2025-07-25,12.68,/Users/chenyuang/Desktop/巨潮网资料/2025/001221_悍高集团_2025-07-25.pdf,2025
汉邦科技,688755,科创板,688755_汉邦科技_2025-05-13.pdf,411,2025-05-13,7.43,/Users/chenyuang/Desktop/巨潮网资料/2025/688755_汉邦科技_2025-05-13.pdf,2025
交大铁发,920027,北交所,920027_交大铁发_2025-05-23.pdf,375,2025-05-23,6.74,/Users/chenyuang/Desktop/巨潮网资料/2025/920027_交大铁发_2025-05-23.pdf,2025
宏工科技,301662,创业板,301662_宏工科技_2025-04-14.pdf,501,2025-04-14,11.11,/Users/chenyuang/Desktop/巨潮网资料/2025/301662_宏工科技_2025-04-14.pdf,2025
天工股份,920068,北交所,920068_天工股份_2025-04-24.pdf,306,2025-04-24,6.03,/Users/chenyuang/Desktop/巨潮网资料/2025/920068_天工股份_2025-04-24.pdf,2025
众捷汽车,301560,创业板,301560_众捷汽车_2025-04-21.pdf,443,2025-04-21,8.17,/Users/chenyuang/Desktop/巨潮网资料/2025/301560_众捷汽车_2025-04-21.pdf,2025
健信超导,688805,科创板,688805_健信超导_2025-12-19.pdf,310,2025-12-19,5.31,/Users/chenyuang/Desktop/巨潮网资料/2025/688805_健信超导_2025-12-19.pdf,2025
南山铝业,600219,沪主板,600219_南山铝业_2025-03-18.pdf,3,2025-03-18,0.15,/Users/chenyuang/Desktop/巨潮网资料/2025/600219_南山铝业_2025-03-18.pdf,2025
德力佳,603092,沪主板,603092_德力佳_2025-11-03.pdf,367,2025-11-03,4.53,/Users/chenyuang/Desktop/巨潮网资料/2025/603092_德力佳_2025-11-03.pdf,2025
江南新材,603124,沪主板,603124_江南新材_2025-03-14.pdf,397,2025-03-14,9.31,/Users/chenyuang/Desktop/巨潮网资料/2025/603124_江南新材_2025-03-14.pdf,2025
锡华科技,603248,沪主板,603248_锡华科技_2025-12-18.pdf,392,2025-12-18,6.82,/Users/chenyuang/Desktop/巨潮网资料/2025/603248_锡华科技_2025-12-18.pdf,2025
宏海科技,920108,北交所,920108_宏海科技_2025-01-15.pdf,421,2025-01-15,6.28,/Users/chenyuang/Desktop/巨潮网资料/2025/920108_宏海科技_2025-01-15.pdf,2025
浙江华远,301535,创业板,301535_浙江华远_2025-03-20.pdf,336,2025-03-20,4.86,/Users/chenyuang/Desktop/巨潮网资料/2025/301535_浙江华远_2025-03-20.pdf,2025
惠通科技,301601,创业板,301601_惠通科技_2025-01-10.pdf,508,2025-01-10,18.62,/Users/chenyuang/Desktop/巨潮网资料/2025/301601_惠通科技_2025-01-10.pdf,2025
超研股份,301602,创业板,301602_超研股份_2025-01-17.pdf,404,2025-01-17,10.92,/Users/chenyuang/Desktop/巨潮网资料/2025/301602_超研股份_2025-01-17.pdf,2025
大鹏工业,920091,北交所,920091_大鹏工业_2025-11-03.pdf,391,2025-11-03,6.76,/Users/chenyuang/Desktop/巨潮网资料/2025/920091_大鹏工业_2025-11-03.pdf,2025
富岭股份,001356,深主板,001356_富岭股份_2025-01-20.pdf,398,2025-01-20,9.82,/Users/chenyuang/Desktop/巨潮网资料/2025/001356_富岭股份_2025-01-20.pdf,2025
中国铀业,001280,深主板,001280_中国铀业_2025-11-27.pdf,568,2025-11-27,11.64,/Users/chenyuang/Desktop/巨潮网资料/2025/001280_中国铀业_2025-11-27.pdf,2025
开发科技,920029,北交所,920029_开发科技_2025-03-14.pdf,380,2025-03-14,5.34,/Users/chenyuang/Desktop/巨潮网资料/2025/920029_开发科技_2025-03-14.pdf,2025
太力科技,301595,创业板,301595_太力科技_2025-05-14.pdf,452,2025-05-14,8.26,/Users/chenyuang/Desktop/巨潮网资料/2025/301595_太力科技_2025-05-14.pdf,2025
中策橡胶,603049,沪主板,603049_中策橡胶_2025-05-29.pdf,582,2025-05-29,33.2,/Users/chenyuang/Desktop/巨潮网资料/2025/603049_中策橡胶_2025-05-29.pdf,2025
精创电气,920035,北交所,920035_精创电气_2025-11-14.pdf,451,2025-11-14,7.31,/Users/chenyuang/Desktop/巨潮网资料/2025/920035_精创电气_2025-11-14.pdf,2025
信凯科技,001335,深主板,001335_信凯科技_2025-04-07.pdf,452,2025-04-07,7.7,/Users/chenyuang/Desktop/巨潮网资料/2025/001335_信凯科技_2025-04-07.pdf,2025
永杰新材,603271,沪主板,603271_永杰新材_2025-03-06.pdf,507,2025-03-06,10.28,/Users/chenyuang/Desktop/巨潮网资料/2025/603271_永杰新材_2025-03-06.pdf,2025
中国瑞林,603257,沪主板,603257_中国瑞林_2025-04-01.pdf,780,2025-04-01,9.23,/Users/chenyuang/Desktop/巨潮网资料/2025/603257_中国瑞林_2025-04-01.pdf,2025
首航新能,301658,创业板,301658_首航新能_2025-03-28.pdf,446,2025-03-28,12.06,/Users/chenyuang/Desktop/巨潮网资料/2025/301658_首航新能_2025-03-28.pdf,2025
纳百川,301667,创业板,301667_纳百川_2025-12-12.pdf,425,2025-12-12,6.67,/Users/chenyuang/Desktop/巨潮网资料/2025/301667_纳百川_2025-12-12.pdf,2025
宏明电子,301682,创业板,301682_宏明电子_2026-03-20.pdf,543,2026-03-20,13.42,/Users/chenyuang/Desktop/巨潮网资料/2026/301682_宏明电子_2026-03-20.pdf,2026
悦龙科技,920188,北交所,920188_悦龙科技_2026-03-12.pdf,365,2026-03-12,8.02,/Users/chenyuang/Desktop/巨潮网资料/2026/920188_悦龙科技_2026-03-12.pdf,2026
晨光电机,920011,北交所,920011_晨光电机_2026-03-23.pdf,309,2026-03-23,6.0,/Users/chenyuang/Desktop/巨潮网资料/2026/920011_晨光电机_2026-03-23.pdf,2026
普昂医疗,920069,北交所,920069_普昂医疗_2026-03-16.pdf,375,2026-03-16,6.0,/Users/chenyuang/Desktop/巨潮网资料/2026/920069_普昂医疗_2026-03-16.pdf,2026
维通利,001393,深主板,001393_维通利_2026-05-12.pdf,382,2026-05-12,5.91,/Users/chenyuang/Desktop/巨潮网资料/2026/001393_维通利_2026-05-12.pdf,2026
慧谷新材,301683,创业板,301683_慧谷新材_2026-03-26.pdf,450,2026-03-26,12.55,/Users/chenyuang/Desktop/巨潮网资料/2026/301683_慧谷新材_2026-03-26.pdf,2026
隆源股份,920055,北交所,920055_隆源股份_2026-03-19.pdf,341,2026-03-19,6.44,/Users/chenyuang/Desktop/巨潮网资料/2026/920055_隆源股份_2026-03-19.pdf,2026
恒道科技,920177,北交所,920177_恒道科技_2026-04-02.pdf,290,2026-04-02,6.18,/Users/chenyuang/Desktop/巨潮网资料/2026/920177_恒道科技_2026-04-02.pdf,2026
天海电子,001365,深主板,001365_天海电子_2026-05-13.pdf,547,2026-05-13,7.91,/Users/chenyuang/Desktop/巨潮网资料/2026/001365_天海电子_2026-05-13.pdf,2026
有研复材,688811,科创板,688811_有研复材_2026-04-03.pdf,337,2026-04-03,5.33,/Users/chenyuang/Desktop/巨潮网资料/2026/688811_有研复材_2026-04-03.pdf,2026
视涯科技,688781,科创板,688781_视涯科技_2026-03-20.pdf,464,2026-03-20,8.36,/Users/chenyuang/Desktop/巨潮网资料/2026/688781_视涯科技_2026-03-20.pdf,2026
尚水智能,301513,创业板,301513_尚水智能_2026-04-14.pdf,436,2026-04-14,8.32,/Users/chenyuang/Desktop/巨潮网资料/2026/301513_尚水智能_2026-04-14.pdf,2026
福恩股份,001312,深主板,001312_福恩股份_2026-04-16.pdf,354,2026-04-16,5.99,/Users/chenyuang/Desktop/巨潮网资料/2026/001312_福恩股份_2026-04-16.pdf,2026
瑞尔竞达,920191,北交所,920191_瑞尔竞达_2026-04-07.pdf,423,2026-04-07,5.61,/Users/chenyuang/Desktop/巨潮网资料/2026/920191_瑞尔竞达_2026-04-07.pdf,2026
埃泰克,603293,沪主板,603293_埃泰克_2026-04-13.pdf,464,2026-04-13,9.61,/Users/chenyuang/Desktop/巨潮网资料/2026/603293_埃泰克_2026-04-13.pdf,2026
长进光子,688635,科创板,688635_长进光子_2026-05-22.pdf,343,2026-05-22,6.04,/Users/chenyuang/Desktop/巨潮网资料/2026/688635_长进光子_2026-05-22.pdf,2026
国亮新材,920076,北交所,920076_国亮新材_2026-01-12.pdf,335,2026-01-12,6.66,/Users/chenyuang/Desktop/巨潮网资料/2026/920076_国亮新材_2026-01-12.pdf,2026
美德乐,920119,北交所,920119_美德乐_2026-01-19.pdf,360,2026-01-19,5.45,/Users/chenyuang/Desktop/巨潮网资料/2026/920119_美德乐_2026-01-19.pdf,2026
嘉晨智能,920096,北交所,920096_嘉晨智能_2026-04-29.pdf,365,2026-04-29,7.07,/Users/chenyuang/Desktop/巨潮网资料/2026/920096_嘉晨智能_2026-04-29.pdf,2026
锐翔智能,920178,北交所,920178_锐翔智能_2026-04-23.pdf,349,2026-04-23,5.13,/Users/chenyuang/Desktop/巨潮网资料/2026/920178_锐翔智能_2026-04-23.pdf,2026
春光集团,301531,创业板,301531_春光集团_2026-04-30.pdf,381,2026-04-30,5.9,/Users/chenyuang/Desktop/巨潮网资料/2026/301531_春光集团_2026-04-30.pdf,2026
中科仪,920186,北交所,920186_中科仪_2026-04-22.pdf,348,2026-04-22,6.71,/Users/chenyuang/Desktop/巨潮网资料/2026/920186_中科仪_2026-04-22.pdf,2026
振宏股份,920200,北交所,920200_振宏股份_2026-04-20.pdf,337,2026-04-20,5.2,/Users/chenyuang/Desktop/巨潮网资料/2026/920200_振宏股份_2026-04-20.pdf,2026
海昌智能,920156,北交所,920156_海昌智能_2026-04-13.pdf,373,2026-04-13,7.26,/Users/chenyuang/Desktop/巨潮网资料/2026/920156_海昌智能_2026-04-13.pdf,2026
大普微,301666,创业板,301666_大普微_2026-04-10.pdf,440,2026-04-10,7.81,/Users/chenyuang/Desktop/巨潮网资料/2026/301666_大普微_2026-04-10.pdf,2026
新天力,920218,北交所,920218_新天力_2026-05-18.pdf,335,2026-05-18,7.84,/Users/chenyuang/Desktop/巨潮网资料/2026/920218_新天力_2026-05-18.pdf,2026
朗信电气,920220,北交所,920220_朗信电气_2026-05-11.pdf,425,2026-05-11,7.82,/Users/chenyuang/Desktop/巨潮网资料/2026/920220_朗信电气_2026-05-11.pdf,2026
创达新材,920012,北交所,920012_创达新材_2026-03-30.pdf,294,2026-03-30,5.7,/Users/chenyuang/Desktop/巨潮网资料/2026/920012_创达新材_2026-03-30.pdf,2026
联讯仪器,688808,科创板,688808_联讯仪器_2026-04-20.pdf,397,2026-04-20,8.47,/Users/chenyuang/Desktop/巨潮网资料/2026/688808_联讯仪器_2026-04-20.pdf,2026
盛龙股份,001257,深主板,001257_盛龙股份_2026-03-26.pdf,563,2026-03-26,7.35,/Users/chenyuang/Desktop/巨潮网资料/2026/001257_盛龙股份_2026-03-26.pdf,2026
族兴新材,920078,北交所,920078_族兴新材_2026-03-05.pdf,406,2026-03-05,6.84,/Users/chenyuang/Desktop/巨潮网资料/2026/920078_族兴新材_2026-03-05.pdf,2026
爱舍伦,920050,北交所,920050_爱舍伦_2026-01-08.pdf,357,2026-01-08,5.73,/Users/chenyuang/Desktop/巨潮网资料/2026/920050_爱舍伦_2026-01-08.pdf,2026
龙辰科技,920161,北交所,920161_龙辰科技_2026-05-14.pdf,379,2026-05-14,5.76,/Users/chenyuang/Desktop/巨潮网资料/2026/920161_龙辰科技_2026-05-14.pdf,2026
红板科技,603459,沪主板,603459_红板科技_2026-04-02.pdf,409,2026-04-02,11.92,/Users/chenyuang/Desktop/巨潮网资料/2026/603459_红板科技_2026-04-02.pdf,2026
新恒泰,920028,北交所,920028_新恒泰_2026-03-09.pdf,319,2026-03-09,5.41,/Users/chenyuang/Desktop/巨潮网资料/2026/920028_新恒泰_2026-03-09.pdf,2026
鸿仕达,920125,北交所,920125_鸿仕达_2026-04-09.pdf,305,2026-04-09,5.68,/Users/chenyuang/Desktop/巨潮网资料/2026/920125_鸿仕达_2026-04-09.pdf,2026
嘉德利,603435,沪主板,603435_嘉德利_2026-05-19.pdf,315,2026-05-19,8.89,/Users/chenyuang/Desktop/巨潮网资料/2026/603435_嘉德利_2026-05-19.pdf,2026
盛合晶微,688820,科创板,688820_盛合晶微_2026-04-15.pdf,480,2026-04-15,7.39,/Users/chenyuang/Desktop/巨潮网资料/2026/688820_盛合晶微_2026-04-15.pdf,2026
惠康科技,001237,深主板,001237_惠康科技_2026-05-19.pdf,486,2026-05-19,6.84,/Users/chenyuang/Desktop/巨潮网资料/2026/001237_惠康科技_2026-05-19.pdf,2026
农大科技,920159,北交所,920159_农大科技_2026-01-15.pdf,384,2026-01-15,6.53,/Users/chenyuang/Desktop/巨潮网资料/2026/920159_农大科技_2026-01-15.pdf,2026
新睿电子,920211,北交所,920211_新睿电子_2026-05-21.pdf,311,2026-05-21,6.31,/Users/chenyuang/Desktop/巨潮网资料/2026/920211_新睿电子_2026-05-21.pdf,2026
泰金新能,688813,科创板,688813_泰金新能_2026-03-26.pdf,490,2026-03-26,6.83,/Users/chenyuang/Desktop/巨潮网资料/2026/688813_泰金新能_2026-03-26.pdf,2026
长裕集团,603407,沪主板,603407_长裕集团_2026-05-06.pdf,469,2026-05-06,8.42,/Users/chenyuang/Desktop/巨潮网资料/2026/603407_长裕集团_2026-05-06.pdf,2026
至信股份,603352,沪主板,603352_至信股份_2026-01-12.pdf,420,2026-01-12,15.37,/Users/chenyuang/Desktop/巨潮网资料/2026/603352_至信股份_2026-01-12.pdf,2026
三瑞智能,301696,创业板,301696_三瑞智能_2026-04-02.pdf,387,2026-04-02,7.12,/Users/chenyuang/Desktop/巨潮网资料/2026/301696_三瑞智能_2026-04-02.pdf,2026
理奇智能,301599,创业板,301599_理奇智能_2026-04-24.pdf,448,2026-04-24,6.63,/Users/chenyuang/Desktop/巨潮网资料/2026/301599_理奇智能_2026-04-24.pdf,2026
赛英电子,920181,北交所,920181_赛英电子_2026-03-26.pdf,304,2026-03-26,6.33,/Users/chenyuang/Desktop/巨潮网资料/2026/920181_赛英电子_2026-03-26.pdf,2026
